t_s,roll_deg,pitch_deg,yaw_deg,roll_err_deg,pitch_err_deg,yaw_err_deg,wx_rad_s,wy_rad_s,wz_rad_s,throttle_cmd,rcs_cmd_sum,legs_cmd
0.0,44.9989261512635,-6.733195062940605e-20,6.848894868625012e-20,44.9989261512635,0.0,0.0,-0.0017996421083807945,1.7948666167083885e-21,1.9564853249258688e-19,-1.0,2.0,-1.0
0.03333333333333333,44.99613311556356,-2.3669140856610026e-19,2.4052432511246046e-19,44.996133115563545,0.0,0.0,-0.0035992381162941456,1.916156820785378e-21,2.7550863303273065e-19,-1.0,2.0,-1.0
0.06666666666666667,44.991622558325695,-4.512301013419978e-19,4.577558925677595e-19,44.99162255832569,0.0,0.0,-0.0053987703286111355,2.2069297892465903e-21,3.574017108739825e-19,-1.0,2.0,-1.0
0.1,44.98539078274549,-7.287901955137718e-19,7.362154038815173e-19,44.98539078274549,0.0,0.0,-0.0071982210502028465,-3.408235347517794e-21,5.396553716653743e-19,-1.0,2.0,-1.0
0.13333333333333333,44.977444099128206,-1.1722917414926995e-18,1.1768810105303487e-18,44.97744409912819,0.0,0.0,-0.008997571654617786,-2.260152278146807e-21,6.779115800184062e-19,-1.0,2.0,-1.0
0.16666666666666666,44.96777935196073,-1.6794208590609122e-18,1.6824950852897011e-18,44.967779351960736,0.0,0.0,-0.01079680398106575,-1.5445591582155889e-21,7.583278561229153e-19,-1.0,2.0,-1.0
0.19999999999999998,44.95639654094262,-2.2211029043302764e-18,2.223327955793682e-18,44.956396540942634,0.0,0.0,-0.01259590033441782,-7.1537935755856495e-22,8.393400124611923e-19,-1.0,2.0,-1.0
0.2333333333333333,44.94329305514249,-2.7973010547449712e-18,2.799645579737157e-18,44.9432930551425,0.0,0.0,-0.014394843019545078,-6.066569067703222e-22,8.619973683184206e-19,-1.0,2.0,-1.0
0.26666666666666666,44.92847411660015,-3.3879137913919212e-18,3.3909854491338583e-18,44.92847411660015,0.0,0.0,-0.016193613409996033,-3.2061296379840525e-22,8.832794847084912e-19,-1.0,2.0,-1.0
0.3,44.91193711399723,-4.040918280737503e-18,4.04724991152853e-18,44.91193711399724,0.0,0.0,-0.01799219474196434,1.9416976377850865e-21,1.0207998125090806e-18,-1.0,2.0,-1.0
0.3333333333333333,44.893682047725605,-4.875893516712686e-18,4.882391211059552e-18,44.893682047725605,0.0,0.0,-0.019790567457675934,-1.3911409844972272e-21,1.2592603700740565e-18,-1.0,2.0,-1.0
0.36666666666666664,44.8737083688697,-5.772508751686728e-18,5.782708465369944e-18,44.8737083688697,0.0,0.0,-0.02158871479332447,5.156113016333699e-22,1.3384879359395386e-18,-1.0,2.0,-1.0
0.39999999999999997,44.85201978245812,-6.682917147836273e-18,6.699344386997907e-18,44.85201978245811,0.0,0.0,-0.023386618122458458,1.9478435331908058e-21,1.3611321086057543e-18,-1.0,2.0,-1.0
0.4333333333333333,44.82861834261967,-7.690205448514314e-18,7.713658284024685e-18,44.82861834261967,0.0,0.0,-0.025184258818626404,-7.018866806356648e-22,1.5988142892143179e-18,-1.0,2.0,-1.0
0.4666666666666666,44.80349307733322,-8.841046921498511e-18,8.874893306410532e-18,44.803493077333236,0.0,0.0,-0.026981621980667114,3.3605541205384376e-21,1.7345086158126964e-18,-1.0,2.0,-1.0
0.49999999999999994,44.776654955286645,-1.0005140573893594e-17,1.0056854229727477e-17,44.77665495528664,0.0,0.0,-0.028778688982129097,7.030177329932638e-21,1.813771336854212e-18,-1.0,2.0,-1.0
0.5333333333333333,44.748103971415624,-1.1274352726392624e-17,1.1347593294305806e-17,44.74810397141562,0.0,0.0,-0.03057543933391571,5.816110450839208e-21,2.051149838780392e-18,-1.0,2.0,-1.0
0.5666666666666667,44.717831766000096,-1.2666153467563811e-17,1.2763722208100697e-17,44.717831766000096,0.0,0.0,-0.03237185627222061,1.0375782018824384e-20,2.13006741871132e-18,-1.0,2.0,-1.0
0.6,44.68584669574209,-1.41346524449644e-17,1.4266163553371522e-17,44.68584669574209,0.0,0.0,-0.034167926758527756,1.5348585066340048e-20,2.2082502554631476e-18,-1.0,2.0,-1.0
0.6333333333333333,44.652145598177434,-1.5669751215620714e-17,1.5845423153479662e-17,44.652145598177434,0.0,0.0,-0.03596362844109535,2.238085942837248e-20,2.3987629786287576e-18,-1.0,2.0,-1.0
0.6666666666666666,44.61673422170478,-1.7289390745579492e-17,1.7521352574866e-17,44.616734221704796,0.0,0.0,-0.03775894269347191,2.856364838188136e-20,2.477139789234229e-18,-1.0,2.0,-1.0
0.7,44.57960421741454,-1.900189950685878e-17,1.9303748811318122e-17,44.579604217414534,0.0,0.0,-0.03955385833978653,3.6148238670616264e-20,2.6103309639014455e-18,-1.0,2.0,-1.0
0.7333333333333333,44.540763927139686,-2.0732689236595084e-17,2.1116121805583134e-17,44.54076392713969,0.0,0.0,-0.041348349303007126,4.2891153299032855e-20,2.632247114231038e-18,-1.0,2.0,-1.0
0.7666666666666666,44.500207023697726,-2.2499573711003125e-17,2.2977870181975667e-17,44.50020702369774,0.0,0.0,-0.0431424081325531,5.129072328628563e-20,2.764991611367476e-18,-1.0,2.0,-1.0
0.7999999999999999,44.45793723851344,-2.4365901561143813e-17,2.4955983749248273e-17,44.45793723851345,0.0,0.0,-0.044936008751392365,6.042413495501792e-20,2.8966837279695932e-18,-1.0,2.0,-1.0
0.8333333333333333,44.41395657708781,-2.6188366561996973e-17,2.690369089586864e-17,44.41395657708781,0.0,0.0,-0.04672913998365402,6.829070012857964e-20,2.762129152857736e-18,-1.0,2.0,-1.0
0.8666666666666666,44.368265029373276,-2.799245360097858e-17,2.884699883686072e-17,44.36826502937328,0.0,0.0,-0.04852177947759628,7.686323164321269e-20,2.7840227625156365e-18,-1.0,2.0,-1.0
0.8999999999999999,44.32085942387459,-2.9843287727788265e-17,3.0846166961777194e-17,44.32085942387459,0.0,0.0,-0.05031391605734825,8.069928173392735e-20,2.860127721568731e-18,-1.0,2.0,-1.0
0.9333333333333332,44.271746078706656,-3.175335597731105e-17,3.292359130780661e-17,44.27174607870664,0.0,0.0,-0.05210552737116814,9.175849265330527e-20,2.9883826959305373e-18,-1.0,2.0,-1.0
0.9666666666666666,44.220921233482336,-3.3901757125657093e-17,3.52416611757359e-17,44.22092123348233,0.0,0.0,-0.053896598517894745,6.091759342684555e-20,3.776205641347986e-18,-1.0,2.0,-1.0
0.9999999999999999,44.1683823071389,-3.669448013527289e-17,3.8154359825464554e-17,44.168382307138906,0.0,0.0,-0.05568711459636688,3.1950362089291787e-21,4.4627787846567995e-18,-1.0,2.0,-1.0
1.0333333333333332,44.114137592553405,-3.978779325000383e-17,4.1347690686191915e-17,44.11413759255342,0.0,0.0,-0.05747705325484276,1.6344538594680345e-21,4.843548218588434e-18,-1.0,2.0,-1.0
1.0666666666666667,44.0581813461966,-4.305277423580433e-17,4.469499751092987e-17,44.0581813461966,0.0,0.0,-0.059266407042741776,-2.1788779055543507e-20,4.970463367153058e-18,-1.0,2.0,-1.0
1.1,44.00051867935244,-4.6408335287296014e-17,4.807463240270095e-17,44.00051867935243,0.0,0.0,-0.061055149883031845,-6.791442988509604e-20,5.047932140241099e-18,-1.0,2.0,-1.0
1.1333333333333335,43.94115018106256,-4.9981092555551987e-17,5.1683603520405036e-17,43.94115018106255,0.0,0.0,-0.06284327059984207,-6.517415499911832e-20,5.4283628437118935e-18,-1.0,2.0,-1.0
1.166666666666667,43.880069507647185,-5.347906640745813e-17,5.515908328150847e-17,43.88006950764717,0.0,0.0,-0.06463075429201126,-1.5172840851680354e-19,5.094626899410024e-18,-1.0,2.0,-1.0
1.2000000000000004,43.81728808412295,-5.696885886184003e-17,5.857100708969126e-17,43.81728808412296,0.0,0.0,-0.06641758233308792,-1.7754116114288897e-19,4.861797063672273e-18,-1.0,2.0,-1.0
1.2333333333333338,43.752797004698074,-6.050294983941572e-17,6.195239667572819e-17,43.75279700469808,0.0,0.0,-0.06820373237133026,-2.384707939250563e-19,5.34163833315969e-18,-1.0,2.0,-1.0
1.2666666666666673,43.68660133915589,-6.41946141910375e-17,6.542974199430535e-17,43.68660133915588,0.0,0.0,-0.06998919695615768,-3.0988054657432904e-19,5.107849381501684e-18,-1.0,2.0,-1.0
1.3000000000000007,43.6187016891007,-6.796738252253476e-17,6.889072834676294e-17,43.618701689100696,0.0,0.0,-0.071773961186409,-3.679497370994997e-19,5.230573205902501e-18,-1.0,2.0,-1.0
1.3333333333333341,43.54909740231451,-7.193385958624038e-17,7.254729046298045e-17,43.54909740231452,0.0,0.0,-0.07355800271034241,-3.767036085763894e-19,5.9632467791101205e-18,-1.0,2.0,-1.0
1.3666666666666676,43.4777916266121,-7.601933277809764e-17,7.630165833894995e-17,43.47779162661211,0.0,0.0,-0.07534130662679672,-4.19169458562425e-19,5.423091221668093e-18,-1.0,2.0,-1.0
1.400000000000001,43.40478052373569,-7.942744738582876e-17,7.928600558716014e-17,43.404780523735695,0.0,0.0,-0.07712385803461075,-4.519671440007584e-19,4.273882165612965e-18,-1.0,2.0,-1.0
1.4333333333333345,43.33006723691139,-8.269298009090027e-17,8.204521467196933e-17,43.33006723691139,0.0,0.0,-0.07890564948320389,-5.162944986971697e-19,4.7997506595149766e-18,-1.0,2.0,-1.0
1.466666666666668,43.25365677705713,-8.637617743865947e-17,8.52396891259356e-17,43.253656777057124,0.0,0.0,-0.08068665117025375,-5.297982738958862e-19,5.5817126167021805e-18,-1.0,2.0,-1.0
1.5000000000000013,43.17554407339034,-9.065673609377508e-17,8.90121198252944e-17,43.175544073390334,0.0,0.0,-0.08246686309576035,-5.810155913651563e-19,6.261772953458058e-18,-1.0,2.0,-1.0
1.5333333333333348,43.095733461317174,-9.530180656646343e-17,9.310165492217881e-17,43.09573346131718,0.0,0.0,-0.08424625545740128,-6.469520191481363e-19,6.635788871278504e-18,-1.0,2.0,-1.0
1.5666666666666682,43.01422238547654,-1.0025937358078149e-16,9.746651004726667e-17,43.014222385476536,0.0,0.0,-0.08602482080459595,-6.998407584426464e-19,6.852593737009265e-18,-1.0,2.0,-1.0
1.6000000000000016,42.931013312536045,-1.0495591229180535e-16,1.0146972292062035e-16,42.931013312536045,0.0,0.0,-0.08780254423618317,-7.7291156731010805e-19,6.310172945459761e-18,-1.0,2.0,-1.0
1.633333333333335,42.84610620137184,-1.0975414343449553e-16,1.054469655367352e-16,42.84610620137184,0.0,0.0,-0.08957941085100174,-8.874385488284078e-19,6.479378116431464e-18,-1.0,2.0,-1.0
1.6666666666666685,42.75950350655163,-1.1466860717031228e-16,1.0940618522694064e-16,42.75950350655163,0.0,0.0,-0.09135540574789047,-1.0061404142958392e-18,6.546963735560722e-18,-1.0,2.0,-1.0
1.700000000000002,42.67120766935712,-1.1971041039984068e-16,1.1333691084202507e-16,42.67120766935713,0.0,0.0,-0.09313050657510757,-1.135188861660237e-18,6.614017891146414e-18,-1.0,2.0,-1.0
1.7333333333333354,42.58121545534916,-1.2497912526011485e-16,1.173355868585173e-16,42.58121545534917,0.0,0.0,-0.09490471333265305,-1.2804101375661186e-18,6.971197788369262e-18,-1.0,2.0,-1.0
1.7666666666666688,42.48952929039245,-1.3049644695929647e-16,1.2142426784892004e-16,42.489529290392454,0.0,0.0,-0.0966780036687851,-1.4106517929641242e-18,7.079962939933247e-18,-1.0,2.0,-1.0
1.8000000000000023,42.396149116661896,-1.361291707471544e-16,1.2546859291589117e-16,42.3961491166619,0.0,0.0,-0.09845037013292313,-1.544885835588617e-18,7.101607775021922e-18,-1.0,2.0,-1.0
1.8333333333333357,42.30107981210602,-1.4186674734529776e-16,1.2945757960143382e-16,42.30107981210602,0.0,0.0,-0.10022179037332535,-1.6719360213882398e-18,7.259094691845893e-18,-1.0,2.0,-1.0
1.8666666666666691,42.20431884182856,-1.4781836600566833e-16,1.335230382478658e-16,42.204318841828545,0.0,0.0,-0.10199224948883057,-1.8025301591247696e-18,7.46561439384017e-18,-1.0,2.0,-1.0
1.9000000000000026,42.10586860698254,-1.5394757915700032e-16,1.3761894165438018e-16,42.105868606982526,0.0,0.0,-0.10376174002885818,-1.930380021781578e-18,7.528940032814779e-18,-1.0,2.0,-1.0
1.933333333333336,42.00572511815882,-1.6023848189796258e-16,1.4173216488903473e-16,42.00572511815883,0.0,0.0,-0.10553024709224701,-2.0499758626960262e-18,7.642013968189553e-18,-1.0,2.0,-1.0
1.9666666666666694,41.90389711995002,-1.6661620264113792e-16,1.4579673582375633e-16,41.90389711995002,0.0,0.0,-0.10729775577783585,-2.1673093646351418e-18,7.613385247189093e-18,-1.0,2.0,-1.0
2.0000000000000027,41.80038134301521,-1.7297534720737806e-16,1.4968261704351725e-16,41.80038134301522,0.0,0.0,-0.1090642586350441,-2.295430956123174e-18,7.329626728317064e-18,-1.0,2.0,-1.0
2.033333333333336,41.69518014416864,-1.7912090027757333e-16,1.5314083865684714e-16,41.69518014416864,0.0,0.0,-0.11082973331212997,-2.436122177404409e-18,6.94407867198671e-18,-1.0,2.0,-1.0
2.066666666666669,41.58829024791214,-1.8522296733318337e-16,1.5636166293226214e-16,41.58829024791214,0.0,0.0,-0.11259417235851288,-2.607323541989356e-18,6.468982524083204e-18,-1.0,2.0,-1.0
2.1000000000000023,41.47971960827827,-1.9104205395514875e-16,1.5902494241558514e-16,41.47971960827828,0.0,0.0,-0.11435756832361221,-2.7735376278660675e-18,5.85304605559305e-18,-1.0,2.0,-1.0
2.1333333333333355,41.36946492933114,-1.96543741337846e-16,1.6112640415248341e-16,41.369464929331144,0.0,0.0,-0.11611989885568619,-2.9289840969140232e-18,5.0977524013545554e-18,-1.0,2.0,-1.0
2.1666666666666687,41.257526115852514,-2.0171854157848663e-16,1.626433608717344e-16,41.257526115852514,0.0,0.0,-0.1178811565041542,-3.0702880522340067e-18,4.819767189567841e-18,-1.0,2.0,-1.0
2.200000000000002,41.143907882576656,-2.066919478196763e-16,1.6372463222521789e-16,41.14390788257666,0.0,0.0,-0.11964132636785507,-3.2350159013451138e-18,4.0118247301112654e-18,-1.0,2.0,-1.0
2.233333333333335,41.028609311296336,-2.112906150480187e-16,1.641280295432576e-16,41.02860931129632,0.0,0.0,-0.12140040844678879,-3.4153375525689173e-18,3.288192240998851e-18,-1.0,2.0,-1.0
2.2666666666666684,40.91163108841855,-2.1553670941078007e-16,1.6387633283721196e-16,40.91163108841857,0.0,0.0,-0.12315837293863297,-3.602840165485447e-18,2.1901124593765442e-18,-1.0,2.0,-1.0
2.3000000000000016,40.792974681408,-2.1944695361421064e-16,1.6301910298740104e-16,40.792974681408,0.0,0.0,-0.1249152198433876,-3.7403887208244396e-18,1.6849824174070027e-18,-1.0,2.0,-1.0
2.333333333333335,40.672642339199264,-2.22961844031029e-16,1.6148582692262324e-16,40.672642339199264,0.0,0.0,-0.1266709417104721,-3.899238004117285e-18,9.249447789579403e-19,-1.0,2.0,-1.0
2.366666666666668,40.550633927817366,-2.259680060519479e-16,1.591063200153195e-16,40.55063392781737,0.0,0.0,-0.1284255087375641,-4.067632951678993e-18,-1.2276642420236388e-19,-1.0,2.0,-1.0
2.4000000000000012,40.42694847992531,-2.285772313313328e-16,1.560551611998023e-16,40.426948479925315,0.0,0.0,-0.13017892837524414,-4.204137191494638e-18,-9.657885794615477e-19,-1.0,2.0,-1.0
2.4333333333333345,40.30159141931272,-2.3080307924830806e-16,1.5234111108193612e-16,40.30159141931272,0.0,0.0,-0.13193118572235107,-4.35148494196024e-18,-1.7288620741562563e-18,-1.0,2.0,-1.0
2.4666666666666677,40.17455939835193,-2.3275186902232405e-16,1.4806260588941536e-16,40.17455939835194,0.0,0.0,-0.1336822658777237,-4.515938787493439e-18,-2.332082295089633e-18,-1.0,2.0,-1.0
2.500000000000001,40.04585930138242,-2.3464612995256563e-16,1.4349714036169242e-16,40.04585930138243,0.0,0.0,-0.135432168841362,-4.645225876464558e-18,-2.4053684294103e-18,-1.0,2.0,-1.0
2.533333333333334,39.915486281871075,-2.364389282034638e-16,1.3859332643520935e-16,39.91548628187108,0.0,0.0,-0.1371808648109436,-4.8102144942637724e-18,-3.120032005935955e-18,-1.0,2.0,-1.0
2.5666666666666673,39.783443973264994,-2.3795554280122623e-16,1.3310265271470859e-16,39.783443973264994,0.0,0.0,-0.1389283686876297,-4.974765533518946e-18,-3.780640570202189e-18,-1.0,2.0,-1.0
2.6000000000000005,39.64973540421058,-2.3883038046888946e-16,1.2653935705109177e-16,39.64973540421059,0.0,0.0,-0.1406746506690979,-5.1747227981235335e-18,-5.1829582083021114e-18,-1.0,2.0,-1.0
2.6333333333333337,39.51435950303909,-2.3906064305202146e-16,1.188637370352886e-16,39.514359503039096,0.0,0.0,-0.1424197107553482,-5.387474892443091e-18,-6.561333517161993e-18,-1.0,2.0,-1.0
2.666666666666667,39.377318391676624,-2.385747602475651e-16,1.0997823628626355e-16,39.37731839167663,0.0,0.0,-0.14416353404521942,-5.596868219885377e-18,-8.093030888461641e-18,-1.0,2.0,-1.0
2.7,39.23861417553803,-2.3726300300418185e-16,9.974580699895206e-17,39.23861417553804,0.0,0.0,-0.14590612053871155,-5.7970020875507444e-18,-9.85351276871335e-18,-1.0,2.0,-1.0
2.7333333333333334,39.09824343971458,-2.3535449543130067e-16,8.846640125906922e-17,39.098243439714594,0.0,0.0,-0.1476474553346634,-5.978077300312584e-18,-1.0624364035912741e-17,-1.0,2.0,-1.0
2.7666666666666666,38.9562105535137,-2.3316434668540446e-16,7.653925472110012e-17,38.956210553513706,0.0,0.0,-0.14938752353191376,-6.139841981674373e-18,-1.1446138195982122e-17,-1.0,2.0,-1.0
2.8,38.81252078931368,-2.3044178553561755e-16,6.363155909375044e-17,38.812520789313695,0.0,0.0,-0.15112632513046265,-6.334197165580445e-18,-1.2704999554808198e-17,-1.0,2.0,-1.0
2.833333333333333,38.66716747954496,-2.2710873633062833e-16,4.9646673007232155e-17,38.66716747954496,0.0,0.0,-0.15286386013031006,-6.510080992817901e-18,-1.4362436237431726e-17,-1.0,2.0,-1.0
2.8666666666666663,38.52015588607143,-2.230209360235659e-16,3.442815537987739e-17,38.520155886071414,0.0,0.0,-0.1546001136302948,-6.646500446620759e-18,-1.5422666715765444e-17,-1.0,2.0,-1.0
2.8999999999999995,38.371488034659265,-2.1852143087533405e-16,1.844302620693108e-17,38.37148803465928,0.0,0.0,-0.15633507072925568,-6.763949340255326e-18,-1.6757339177732005e-17,-1.0,2.0,-1.0
2.9333333333333327,38.221164943845736,-2.130604501745322e-16,9.480011405952059e-19,38.22116494384574,0.0,0.0,-0.1580687314271927,-6.912802145845468e-18,-1.8448554607849748e-17,-1.0,2.0,-1.0
2.966666666666666,38.069186348650355,-2.0668442990811704e-16,-1.8005219169183802e-17,38.069186348650355,0.0,0.0,-0.15980109572410583,-7.068810890914807e-18,-2.0564714225331907e-17,-1.0,2.0,-1.0
2.999999999999999,37.91555320952995,-1.9940495398749734e-16,-3.844295865764786e-17,37.91555320952996,0.0,0.0,-0.16153213381767273,-7.218491704298115e-18,-2.2396586755530617e-17,-1.0,2.0,-1.0
3.0333333333333323,37.760269492806806,-1.91180717781871e-16,-6.039601298307514e-17,37.760269492806806,0.0,0.0,-0.16326186060905457,-7.355668855542071e-18,-2.4257673650603475e-17,-1.0,2.0,-1.0
3.0666666666666655,37.60333510424969,-1.8202120817128962e-16,-8.387155852451557e-17,37.60333510424969,0.0,0.0,-0.16499026119709015,-7.481462347196073e-18,-2.604275919099496e-17,-1.0,2.0,-1.0
3.0999999999999988,37.444749741501646,-1.7165019601053817e-16,-1.0923966206083962e-16,37.44474974150163,0.0,0.0,-0.16671733558177948,-7.599398450211434e-18,-2.8503085500303284e-17,-1.0,2.0,-1.0
3.133333333333332,37.284517487758244,-1.6007200131474457e-16,-1.3646530296371094e-16,37.28451748775826,0.0,0.0,-0.16844306886196136,-7.69485426571944e-18,-3.081180945566534e-17,-1.0,2.0,-1.0
3.166666666666665,37.12263585040176,-1.4734625705464826e-16,-1.6546559617687317e-16,37.12263585040174,0.0,0.0,-0.1701674610376358,-7.779584030224472e-18,-3.307086617832726e-17,-1.0,2.0,-1.0
3.1999999999999984,36.959109979197436,-1.3345936102892202e-16,-1.9627601451509648e-16,36.95910997919743,0.0,0.0,-0.1718905121088028,-7.857597088155573e-18,-3.541559565139252e-17,-1.0,2.0,-1.0
3.2333333333333316,36.79393843707739,-1.1827783393219494e-16,-2.291120152434557e-16,36.79393843707737,0.0,0.0,-0.17361220717430115,-7.943106883978242e-18,-3.8177915676176604e-17,-1.0,2.0,-1.0
3.266666666666665,36.62712413523229,-1.0152003863170731e-16,-2.643135770978742e-16,36.627124135232286,0.0,0.0,-0.17533254623413086,-7.989417417752636e-18,-4.11604377974672e-17,-1.0,2.0,-1.0
3.299999999999998,36.458668856763275,-8.353970695933008e-17,-3.014005001899635e-16,36.45866885676326,0.0,0.0,-0.17705151438713074,-8.003922856974366e-18,-4.327047627841647e-17,-1.0,2.0,-1.0
3.3333333333333313,36.28857224065317,-6.423762355961481e-17,-3.4048359436657813e-16,36.28857224065317,0.0,0.0,-0.17876912653446198,-7.99931049787877e-18,-4.591618699788773e-17,-1.0,2.0,-1.0
3.3666666666666645,36.11683493541005,-4.343416010169855e-17,-3.8184560366983417e-16,36.116834935410054,0.0,0.0,-0.18048538267612457,-8.00085567126302e-18,-4.916789685156023e-17,-1.0,2.0,-1.0
3.3999999999999977,35.94345980950229,-2.0954061925078976e-17,-4.2574178057009406e-16,35.9434598095023,0.0,0.0,-0.18220023810863495,-7.98501847125508e-18,-5.201702451854808e-17,-1.0,2.0,-1.0
3.433333333333331,35.76844955296915,3.036101346812368e-18,-4.718928009530866e-16,35.768449552969166,0.0,0.0,-0.18391373753547668,-7.916471668254035e-18,-5.509847413237757e-17,-1.0,2.0,-1.0
3.466666666666664,35.59180374220476,2.875824459018813e-17,-5.206050920633557e-16,35.59180374220475,0.0,0.0,-0.1856258511543274,-7.835217716682951e-18,-5.8487055907648e-17,-1.0,2.0,-1.0
3.4999999999999973,35.413520800806914,5.630933130779833e-17,-5.720303190567349e-16,35.413520800806914,0.0,0.0,-0.18733659386634827,-7.745947557795616e-18,-6.198244986105618e-17,-1.0,2.0,-1.0
3.5333333333333306,35.23360889401738,8.586351934289762e-17,-6.263509200724396e-16,35.23360889401737,0.0,0.0,-0.18904593586921692,-7.574065216771385e-18,-6.578077720711598e-17,-1.0,2.0,-1.0
3.5666666666666638,35.05206315730397,1.1746640372720317e-16,-6.836039941313913e-16,35.05206315730397,0.0,0.0,-0.19075390696525574,-7.372035451142046e-18,-6.955045763420184e-17,-1.0,2.0,-1.0
3.599999999999997,34.86888930590277,1.5097912324697537e-16,-7.435975489493467e-16,34.868889305902776,0.0,0.0,-0.19246047735214233,-7.146959606466367e-18,-7.281060803884484e-17,-1.0,2.0,-1.0
3.63333333333333,34.68408481099205,1.8642045570923592e-16,-8.06336486690823e-16,34.684084810992054,0.0,0.0,-0.1941656619310379,-6.892160267249514e-18,-7.648643986235288e-17,-1.0,2.0,-1.0
3.6666666666666634,34.49765002567443,2.2395988806371134e-16,-8.720657004404866e-16,34.49765002567442,0.0,0.0,-0.19586946070194244,-6.6064351264711406e-18,-8.023924580494266e-17,-1.0,2.0,-1.0
3.6999999999999966,34.30959502704564,2.635323099928793e-16,-9.40644861961392e-16,34.30959502704564,0.0,0.0,-0.19757185876369476,-6.2386214088836176e-18,-8.400898578903262e-17,-1.0,2.0,-1.0
3.73333333333333,34.11991077512328,3.0516052990189644e-16,-1.0120523229489986e-15,34.11991077512328,0.0,0.0,-0.19927287101745605,-5.843684439010481e-18,-8.787634632029365e-17,-1.0,2.0,-1.0
3.766666666666663,33.92860478435932,3.489985485829363e-16,-1.086518184498553e-15,33.928604784359315,0.0,0.0,-0.20097249746322632,-5.4195020849902254e-18,-9.184846100432839e-17,-1.0,2.0,-1.0
3.7999999999999963,33.73567778036533,3.9516368050240364e-16,-1.1641651905935147e-15,33.73567778036534,0.0,0.0,-0.20267072319984436,-4.922230879225397e-18,-9.597560257004536e-17,-1.0,2.0,-1.0
3.8333333333333295,33.54112993976568,4.4354666757885798e-16,-1.2448174994452732e-15,33.54112993976568,0.0,0.0,-0.20436756312847137,-4.404002225460925e-18,-9.993689111422301e-17,-1.0,2.0,-1.0
3.8666666666666627,33.34495941231323,4.940361837373323e-16,-1.3282187193314816e-15,33.344959412313216,0.0,0.0,-0.20606300234794617,-3.788030188204431e-18,-1.036399669583861e-16,-1.0,2.0,-1.0
3.899999999999996,33.14717281953897,5.468276099667406e-16,-1.4146949656912928e-15,33.14717281953898,0.0,0.0,-0.20775705575942993,-3.182281069343327e-18,-1.0733347397722318e-16,-1.0,2.0,-1.0
3.933333333333329,32.947768241450284,6.017645731536692e-16,-1.5039559427305235e-15,32.94776824145027,0.0,0.0,-0.20944972336292267,-2.485345214115602e-18,-1.1103320801171155e-16,-1.0,2.0,-1.0
3.9666666666666623,32.74675028810625,6.589750357845219e-16,-1.5961380677024926e-15,32.74675028810624,0.0,0.0,-0.21114099025726318,-1.7492398753416533e-18,-1.1525081004921733e-16,-1.0,2.0,-1.0
3.9999999999999956,32.54411700360132,7.184902916036288e-16,-1.6912489366968461e-15,32.544117003601336,0.0,0.0,-0.21283088624477386,-9.474232053089157e-19,-1.1887743455244582e-16,-1.0,2.0,-1.0
4.033333333333329,32.33987159142004,7.802641575407595e-16,-1.789126256213682e-15,32.33987159142004,0.0,0.0,-0.21451938152313232,-4.58325397026118e-20,-1.2246537347278643e-16,-1.0,2.0,-1.0
4.066666666666662,32.13401012982751,8.440973176512414e-16,-1.8893516558324107e-15,32.13401012982751,0.0,0.0,-0.21620650589466095,9.216983018488228e-19,-1.2568824119286044e-16,-1.0,2.0,-1.0
4.099999999999995,31.92654420730028,9.100539928789904e-16,-1.9919326481930127e-15,31.92654420730028,0.0,0.0,-0.21789225935935974,1.993997655512419e-18,-1.287466124675997e-16,-1.0,2.0,-1.0
4.133333333333328,31.717466575046938,9.78059205441073e-16,-2.0966189902318603e-15,31.71746657504695,0.0,0.0,-0.2195766270160675,3.144987011040914e-18,-1.3198923987814637e-16,-1.0,2.0,-1.0
4.166666666666662,31.506780285198076,1.0482915269547889e-15,-2.2036911934899363e-15,31.50678028519806,0.0,0.0,-0.22125962376594543,4.286141395881307e-18,-1.3536490440097117e-16,-1.0,2.0,-1.0
4.199999999999995,31.294489772197554,1.1205632799591575e-15,-2.31286854001367e-15,31.29448977219756,0.0,0.0,-0.22294126451015472,5.4885778699929974e-18,-1.3807996263427643e-16,-1.0,2.0,-1.0
4.233333333333328,31.08059471115456,1.1947772442206269e-15,-2.4238343015877027e-15,31.080594711154554,0.0,0.0,-0.22462153434753418,6.8122761267728176e-18,-1.408796447529683e-16,-1.0,2.0,-1.0
4.266666666666661,30.865096179903105,1.2710162405742452e-15,-2.536659645338311e-15,30.8650961799031,0.0,0.0,-0.226300448179245,8.171223444585666e-18,-1.4341409968005118e-16,-1.0,2.0,-1.0
4.2999999999999945,30.647990141902362,1.3492003821247407e-15,-2.6510023340299573e-15,30.647990141902373,0.0,0.0,-0.22797799110412598,9.701198212259673e-18,-1.4550670781113273e-16,-1.0,2.0,-1.0
4.333333333333328,30.42928964483412,1.429187070245386e-15,-2.76651941169845e-15,30.429289644834107,0.0,0.0,-0.2296542078256607,1.1272678421529752e-17,-1.4734361787126189e-16,-1.0,2.0,-1.0
4.366666666666661,30.208985496075506,1.5110510322683506e-15,-2.8832345388888276e-15,30.2089854960755,0.0,0.0,-0.2313290685415268,1.2933392393740215e-17,-1.494591355965887e-16,-1.0,2.0,-1.0
4.399999999999994,29.987083773143453,1.5947826186220067e-15,-3.0009857455387524e-15,29.98708377314344,0.0,0.0,-0.23300260305404663,1.4690621799823365e-17,-1.5153179874874038e-16,-1.0,2.0,-1.0
4.433333333333327,29.763585647609332,1.6802803175805132e-15,-3.1195074991277582e-15,29.763585647609336,0.0,0.0,-0.23467479646205902,1.648356059295043e-17,-1.5270024099480828e-16,-1.0,2.0,-1.0
4.466666666666661,29.538488503214985,1.7672941757469732e-15,-3.238178709014194e-15,29.538488503214992,0.0,0.0,-0.23634566366672516,1.845059608960153e-17,-1.5331122968246445e-16,-1.0,2.0,-1.0
4.499999999999994,29.31180002922671,1.8558607858200253e-15,-3.3568289069871524e-15,29.311800029226703,0.0,0.0,-0.23801521956920624,2.0534001009187813e-17,-1.5390706442129865e-16,-1.0,2.0,-1.0
4.533333333333327,29.083514455439847,1.94592558527701e-15,-3.4752026762052162e-15,29.083514455439833,0.0,0.0,-0.23968346416950226,2.268356052544364e-17,-1.5433509399234789e-16,-1.0,2.0,-1.0
4.56666666666666,28.853639212729313,2.0373144620921877e-15,-3.592827210534942e-15,28.853639212729313,0.0,0.0,-0.24135041236877441,2.491355177574167e-17,-1.5412092700559056e-16,-1.0,2.0,-1.0
4.599999999999993,28.622173492185205,2.1300041114965614e-15,-3.709528584595674e-15,28.62217349218521,0.0,0.0,-0.2430160641670227,2.720668668527955e-17,-1.5365463536812706e-16,-1.0,2.0,-1.0
4.633333333333327,28.38911639063618,2.2273765968442792e-15,-3.8319758018076254e-15,28.38911639063619,0.0,0.0,-0.24468043446540833,2.89018560387253e-17,-1.7514701114374127e-16,-1.0,2.0,-1.0
4.66666666666666,28.154470304744493,2.343843153967548e-15,-3.988987327607262e-15,28.154470304744486,0.0,0.0,-0.24634350836277008,2.992972390277349e-17,-2.1903467334696315e-16,-1.0,2.0,-1.0
4.699999999999993,27.91823757206955,2.4800633921307536e-15,-4.1826679469642764e-15,27.918237572069547,0.0,0.0,-0.24800533056259155,3.1000373548102926e-17,-2.6235630578318235e-16,-1.0,2.0,-1.0
4.733333333333326,27.680418837378273,2.6337856827233925e-15,-4.410142643211329e-15,27.680418837378276,0.0,0.0,-0.24966588616371155,3.066595104389264e-17,-2.9277272952349224e-16,-1.0,2.0,-1.0
4.7666666666666595,27.441016370471154,2.7853400287735584e-15,-4.642872898221409e-15,27.441016370471157,0.0,0.0,-0.25132519006729126,2.6315447551729192e-17,-2.873291928786237e-16,-1.0,2.0,-1.0
4.799999999999993,27.20002745160337,2.9298321075744406e-15,-4.873174311201844e-15,27.200027451603365,0.0,0.0,-0.2529832720756531,2.2214312544470882e-17,-2.816171732592551e-16,-1.0,2.0,-1.0
4.833333333333326,26.957457506298848,3.0675700498581607e-15,-5.101014214027634e-15,26.95745750629886,0.0,0.0,-0.254640132188797,1.8389887650085037e-17,-2.759328674991295e-16,-1.0,2.0,-1.0
4.866666666666659,26.713305442205304,3.198611489353899e-15,-5.32596070489691e-15,26.713305442205296,0.0,0.0,-0.25629574060440063,1.4761215047659865e-17,-2.700349506176182e-16,-1.0,2.0,-1.0
4.899999999999992,26.467573337332706,3.323231743909066e-15,-5.547871595093608e-15,26.467573337332713,0.0,0.0,-0.25795015692710876,1.1433488950054961e-17,-2.6386124510243683e-16,-1.0,2.0,-1.0
4.933333333333326,26.22026319945135,3.4416932546764806e-15,-5.766877291539022e-15,26.220263199451356,0.0,0.0,-0.2596033811569214,8.201576009982687e-18,-2.58504052878629e-16,-1.0,2.0,-1.0
4.966666666666659,25.97137530166773,3.554131117019384e-15,-5.9827068472975214e-15,25.971375301667727,0.0,0.0,-0.2612554430961609,5.2176787009237185e-18,-2.526061889366769e-16,-1.0,2.0,-1.0
4.999999999999992,25.720908466650336,3.66076181407964e-15,-6.195358393496282e-15,25.72090846665033,0.0,0.0,-0.2629063129425049,2.354196761971085e-18,-2.468811197159647e-16,-1.0,2.0,-1.0
5.033333333333325,25.468866239164974,3.7616966884643436e-15,-6.404622870955727e-15,25.468866239164978,0.0,0.0,-0.26455602049827576,-3.290876028496279e-19,-2.409503803077473e-16,-1.0,2.0,-1.0
5.066666666666658,25.21525042974877,3.895381448175932e-15,-6.697755541608017e-15,25.215250429748767,0.0,0.0,-0.2662045955657959,-7.670880090025816e-18,-3.9992917361473927e-16,-1.0,2.0,-1.0
5.099999999999992,24.960059634038053,4.085870957598883e-15,-7.132755383576889e-15,24.960059634038057,0.0,0.0,-0.2678520381450653,-1.482515445464899e-17,-5.36672610902477e-16,-1.0,2.0,-1.0
5.133333333333325,24.703297022085312,4.3163305694094e-15,-7.67442513707798e-15,24.703297022085312,0.0,0.0,-0.26949837803840637,-2.138813447482027e-17,-6.495277338441734e-16,-1.0,2.0,-1.0
5.166666666666658,24.44496296248957,4.592354715786184e-15,-8.338815185882627e-15,24.44496296248957,0.0,0.0,-0.2711435854434967,-2.934068197112958e-17,-8.101925197628954e-16,-1.0,2.0,-1.0
5.199999999999991,24.18505906716106,4.899947179152583e-15,-9.09570085151984e-15,24.185059067161053,0.0,0.0,-0.2727877199649811,-3.350563230828513e-17,-8.295530988987278e-16,-1.0,2.0,-1.0
5.2333333333333245,23.923585205050923,5.180284109984829e-15,-9.80466673148394e-15,23.92358520505091,0.0,0.0,-0.2744307816028595,-3.510067144858133e-17,-7.7862667231316145e-16,-1.0,2.0,-1.0
5.266666666666658,23.660543111191753,5.42824602008275e-15,-1.0449984941410793e-14,23.660543111191746,0.0,0.0,-0.27607277035713196,-3.5287266851161044e-17,-7.038861791133365e-16,-1.0,2.0,-1.0
5.299999999999991,23.395933937704125,5.6447695715980954e-15,-1.1030370353937853e-14,23.39593393770413,0.0,0.0,-0.27771374583244324,-3.4691078079024674e-17,-6.285890264484879e-16,-1.0,2.0,-1.0
5.333333333333324,23.12975793592695,5.8396513007089516e-15,-1.156678179078911e-14,23.12975793592696,0.0,0.0,-0.27935364842414856,-3.414771306080594e-17,-5.777708083219333e-16,-1.0,2.0,-1.0
5.366666666666657,22.862016444825354,6.022228930767163e-15,-1.2080309999514183e-14,22.862016444825365,0.0,0.0,-0.2809925675392151,-3.36331107668469e-17,-5.506092145605664e-16,-1.0,2.0,-1.0
5.399999999999991,22.592710729779146,6.184903964447074e-15,-1.254916083073064e-14,22.592710729779135,0.0,0.0,-0.2826305031776428,-3.1875325495392116e-17,-4.994739943535019e-16,-1.0,2.0,-1.0
5.433333333333324,22.32184198215178,6.32455041540261e-15,-1.2962427306767732e-14,22.32184198215179,0.0,-2.5444437451708134e-14,-0.28426745533943176,-2.9552744610408574e-17,-4.487571025432627e-16,-1.0,2.0,-1.0
5.466666666666657,22.049410012715786,6.4410448549027565e-15,-1.3323459911415381e-14,22.049410012715793,0.0,-2.5444437451708134e-14,-0.2859034538269043,-3.045884817956651e-17,-3.443583330304796e-16,-1.0,2.0,-1.0
5.49999999999999,21.77541462152629,6.523748204657591e-15,-1.3612236071129917e-14,21.775414621526288,0.0,-2.5444437451708134e-14,-0.2875384986400604,-3.336964712430386e-17,-2.7934966605945534e-16,-1.0,2.0,-1.0
5.5333333333333234,21.499861098044352,6.5719372396099585e-15,-1.3822881900615192e-14,21.49986109804436,0.0,-2.5444437451708134e-14,-0.28917261958122253,-3.5069198880634914e-17,-1.9032651653791817e-16,-1.0,2.0,-1.0
5.566666666666657,21.222746563354757,6.5989340898173e-15,-1.3988186513216107e-14,21.22274656335475,0.0,-2.5444437451708134e-14,-0.2908058166503906,-3.80406367817173e-17,-1.7494413351798406e-16,-1.0,2.0,-1.0
5.59999999999999,20.944074465556312,6.6095977831193386e-15,-1.4119498187977553e-14,20.94407446555631,0.0,-2.5444437451708134e-14,-0.2924381494522095,-3.9749373551570144e-17,-1.117858100202368e-16,-1.0,2.0,-1.0
5.633333333333323,20.663841466800026,6.598854280500746e-15,-1.4200547006170989e-14,20.66384146680002,0.0,-2.5444437451708134e-14,-0.2940696179866791,-4.162604783810595e-17,-7.30019646930304e-17,-1.0,2.0,-1.0
5.666666666666656,20.382052949468964,6.573314941843409e-15,-1.4247798311642115e-14,20.382052949468957,0.0,-2.5444437451708134e-14,-0.29570022225379944,-4.275745224506618e-17,-1.0296279389555834e-17,-1.0,2.0,-1.0
5.6999999999999895,20.09870722178261,6.52970241044669e-15,-1.4249990353109872e-14,20.09870722178262,0.0,-2.5444437451708134e-14,-0.29733002185821533,-4.4189311811562823e-17,2.7765247011350884e-17,-1.0,2.0,-1.0
5.733333333333323,19.813805667766633,6.477821181389651e-15,-1.4233978230777455e-14,19.813805667766637,0.0,-2.5444437451708134e-14,-0.29895898699760437,-4.57566668711181e-17,5.2795011045711355e-17,-1.0,2.0,-1.0
5.766666666666656,19.52734987366596,6.403496856754937e-15,-1.4156115531174011e-14,19.527349873665962,0.0,-2.5444437451708134e-14,-0.30058717727661133,-4.6056241910482756e-17,1.2577244156177343e-16,-1.0,2.0,-1.0
5.799999999999989,19.239338722001353,6.30991427557754e-15,-1.4023324948453682e-14,19.23933872200136,0.0,-2.5444437451708134e-14,-0.3022146224975586,-4.6459310479367595e-17,1.862118025337242e-16,-1.0,2.0,-1.0
5.833333333333322,18.949772700449113,6.198120887088607e-15,-1.383637108737624e-14,18.94977270044911,0.0,-2.5444437451708134e-14,-0.3038412928581238,-4.6674748015545806e-17,2.4554828690368045e-16,-1.0,2.0,-1.0
5.866666666666656,18.658655590101343,6.068974149762216e-15,-1.3595531754527176e-14,18.658655590101347,0.0,-2.5444437451708134e-14,-0.30546724796295166,-4.679331939327161e-17,3.0439545092791973e-16,-1.0,2.0,-1.0
5.899999999999989,18.365986043864698,5.923248340718038e-15,-1.3301102183232239e-14,18.36598604386469,0.0,-2.5444437451708134e-14,-0.3070925176143646,-4.687883994244224e-17,3.624794117969033e-16,-1.0,2.0,-1.0
5.933333333333322,18.07176493469266,5.76169145527089e-15,-1.2953497478174823e-14,18.071764934692656,0.0,-2.5444437451708134e-14,-0.3087170720100403,-4.6940679965036704e-17,4.2012500664590315e-16,-1.0,2.0,-1.0
5.966666666666655,17.77599355404473,5.6112635645774125e-15,-1.2626897887764375e-14,17.775993554044735,0.0,0.0,-0.3103410005569458,-4.325733403284423e-17,3.4591904417535487e-16,-1.0,2.0,-1.0
5.9999999999999885,17.478669932848646,5.487176368440741e-15,-1.2366629310821753e-14,17.478669932848632,0.0,0.0,-0.3119643032550812,-4.014992087394792e-17,2.708972036881435e-16,-1.0,2.0,-1.0
6.033333333333322,17.17979860218772,5.387907179127687e-15,-1.2171843250025275e-14,17.179798602187716,0.0,0.0,-0.3135869801044464,-3.742314645444647e-17,2.0218436899454754e-16,-1.0,2.0,-1.0
6.066666666666655,16.879375189393922,5.305189258886183e-15,-1.2017766403472878e-14,16.87937518939393,0.0,0.0,-0.3152090609073639,-3.450868144523428e-17,1.6359593019780577e-16,-1.0,2.0,-1.0
6.099999999999988,16.57740572762724,5.238670463343218e-15,-1.1906151302290565e-14,16.57740572762723,0.0,0.0,-0.3168306052684784,-3.2226139410620756e-17,1.1309548177536956e-16,-1.0,2.0,-1.0
6.133333333333321,16.273887413710785,5.186053328496778e-15,-1.1831856996145074e-14,16.273887413710785,0.0,0.0,-0.31845158338546753,-3.00593133262585e-17,7.403216851512845e-17,-1.0,2.0,-1.0
6.1666666666666545,15.968820075144935,5.148326181453213e-15,-1.1801130019404474e-14,15.968820075144945,0.0,0.0,-0.3200720548629761,-2.8383217103377e-17,2.2654445422242998e-17,-1.0,2.0,-1.0
6.199999999999988,15.662206844584286,5.125499153102565e-15,-1.1816855318325236e-14,15.662206844584299,0.0,0.0,-0.3216920495033264,-2.6959624379922213e-17,-2.8464247716182694e-17,-1.0,2.0,-1.0
6.233333333333321,15.35404739686463,5.116822399362316e-15,-1.1879180226427176e-14,15.354047396864635,0.0,0.0,-0.32331159710884094,-2.574823326208933e-17,-7.973956254051163e-17,-1.0,2.0,-1.0
6.266666666666654,15.044342126946855,5.118702684544864e-15,-1.1976723512034188e-14,15.044342126946852,0.0,0.0,-0.32493066787719727,-2.4467062842142698e-17,-1.1829333916086497e-16,-1.0,2.0,-1.0
6.299999999999987,14.733089791589821,5.131362218041143e-15,-1.2112621256683375e-14,14.733089791589808,0.0,0.0,-0.32654935121536255,-2.3173901612036498e-17,-1.4458549330654467e-16,-1.0,2.0,-1.0
6.333333333333321,14.420292360443264,5.150877021881985e-15,-1.2272782322143406e-14,14.420292360443257,0.0,0.0,-0.3281676471233368,-2.198997785362405e-17,-1.837598142049904e-16,-1.0,2.0,-1.0
6.366666666666654,14.10594925249026,5.1791635601666615e-15,-1.2466123940537707e-14,14.105949252490268,0.0,0.0,-0.3297855854034424,-2.0796280129093677e-17,-2.231412743637092e-16,-1.0,2.0,-1.0
6.399999999999987,13.790061475517287,5.219270880731756e-15,-1.270784540334092e-14,13.790061475517295,0.0,0.0,-0.3314031958580017,-1.9904561230788037e-17,-2.7549500440495823e-16,-1.0,2.0,-1.0
6.43333333333332,13.472629176600293,5.270547046853425e-15,-1.299791364685378e-14,13.47262917660029,0.0,-2.5444437451708134e-14,-0.33302050828933716,-1.9084095670447715e-17,-3.2760828296830543e-16,-1.0,2.0,-1.0
6.4666666666666535,13.153653162288192,5.3205461907997306e-15,-1.3293245105233419e-14,13.153653162288197,0.0,-2.5444437451708134e-14,-0.33463752269744873,-2.165374382387227e-17,-2.855544470958891e-16,-1.0,2.0,-1.0
6.499999999999987,12.833132652193338,5.348147582421999e-15,-1.3512632502860553e-14,12.833132652193331,0.0,-2.5444437451708134e-14,-0.3362542986869812,-2.4622713418006802e-17,-1.9959962148622144e-16,-1.0,2.0,-1.0
6.53333333333332,12.511069917694813,5.355883215742964e-15,-1.3661264629757589e-14,12.511069917694819,0.0,-2.5444437451708134e-14,-0.33787086606025696,-2.7212675472914435e-17,-1.2609543904736314e-16,-1.0,2.0,-1.0
6.566666666666653,12.187461552827818,5.345087983421595e-15,-1.3739297680984963e-14,12.187461552827823,0.0,-2.5444437451708134e-14,-0.339487224817276,-2.9216158201715846e-17,-4.0684567408510346e-17,-1.0,2.0,-1.0
6.599999999999986,11.862310731374292,5.314674538613089e-15,-1.3734879954488808e-14,11.862310731374299,0.0,-2.5444437451708134e-14,-0.3411034047603607,-3.074509568490171e-17,4.462511357164761e-17,-1.0,2.0,-1.0
6.6333333333333195,11.535616142704823,5.267908970750307e-15,-1.365763636682059e-14,11.535616142704836,0.0,-2.5444437451708134e-14,-0.34271949529647827,-3.2057973592088725e-17,1.158367583253703e-16,-1.0,2.0,-1.0
6.666666666666653,11.207378200181745,5.205436148044722e-15,-1.3504819766385554e-14,11.207378200181749,0.0,-2.5444437451708134e-14,-0.3443354368209839,-3.29319362313653e-17,1.9938168255587087e-16,-1.0,2.0,-1.0
6.699999999999986,10.877598089106105,5.129640155724902e-15,-1.3282909484997861e-14,10.877598089106092,0.0,-2.5444437451708134e-14,-0.3459513187408447,-3.369671433850733e-17,2.6940219053623964e-16,-1.0,2.0,-1.0
6.733333333333319,10.546274589529629,5.042157708767293e-15,-1.299534994184874e-14,10.54627458952963,0.0,-2.5444437451708134e-14,-0.3475671708583832,-3.4283612218003503e-17,3.388672566614464e-16,-1.0,2.0,-1.0
6.766666666666652,10.21555663474378,4.955933780342289e-15,-1.2712589167866063e-14,10.215556634743793,0.0,0.0,-0.3455844819545746,-3.614765049350195e-17,2.8894676111008337e-16,-1.0,2.0,-1.0
6.799999999999986,9.886728960348629,4.87689312384285e-15,-1.247079289057225e-14,9.886728960348623,0.0,0.0,-0.3436039388179779,-3.795102003415331e-17,2.514424980160475e-16,-1.0,2.0,-1.0
6.833333333333319,9.559793103603996,4.80113732763851e-15,-1.2248512337079632e-14,9.559793103603985,0.0,0.0,-0.3416255712509155,-3.931721469490304e-17,2.4653296270486357e-16,-1.0,2.0,-1.0
6.866666666666652,9.234743509716463,4.724601692398942e-15,-1.2019794855627279e-14,9.23474350971647,0.0,0.0,-0.3396493196487427,-4.030712158627995e-17,2.5482671227768366e-16,-1.0,2.0,-1.0
6.899999999999985,8.911580976617408,4.64686724666555e-15,-1.1780124060242696e-14,8.9115809766174,0.0,0.0,-0.3376752436161041,-4.1131433536468643e-17,2.626845310502434e-16,-1.0,2.0,-1.0
6.9333333333333185,8.590301615140419,4.5692281520688e-15,-1.1536794018961564e-14,8.590301615140413,0.0,0.0,-0.3357033431529999,-4.183787224936853e-17,2.649278713412668e-16,-1.0,2.0,-1.0
6.966666666666652,8.270904934201743,4.490593866454736e-15,-1.128001672590081e-14,8.270904934201738,0.0,0.0,-0.33373355865478516,-4.216283511609366e-17,2.805193920898339e-16,-1.0,2.0,-1.0
6.999999999999985,7.953386930649354,4.4119841804303374e-15,-1.1014552016618852e-14,7.953386930649351,0.0,0.0,-0.3317659795284271,-4.232362248356172e-17,2.895963824410682e-16,-1.0,2.0,-1.0
7.033333333333318,7.6377471489187325,4.333838052015222e-15,-1.0741601714411711e-14,7.6377471489187405,0.0,0.0,-0.329800546169281,-4.2361609926012606e-17,2.858770078301154e-16,-1.0,2.0,-1.0
7.066666666666651,7.323983176008667,4.261344183222717e-15,-1.0501833206458496e-14,7.323983176008666,0.0,0.0,-0.3278372883796692,-4.2659533912874604e-17,2.443279506547034e-16,-1.0,2.0,-1.0
7.0999999999999845,7.012091704807426,4.194112642092342e-15,-1.0294875290578346e-14,7.0120917048074265,0.0,0.0,-0.3258762061595917,-4.2826905638018584e-17,2.2185083290345709e-16,-1.0,2.0,-1.0
7.133333333333318,6.702072565204543,4.128013108344611e-15,-1.0087434591144024e-14,6.7020725652045305,0.0,0.0,-0.3239172697067261,-4.274584524671084e-17,2.2545992117769945e-16,-1.0,2.0,-1.0
7.166666666666651,6.393922277873638,4.063424028599346e-15,-9.88186533290809e-15,6.393922277873634,0.0,0.0,-0.32196053862571716,-4.2599801546480925e-17,2.1682320267058018e-16,-1.0,2.0,-1.0
7.199999999999984,6.08763909019925,4.0011542189840765e-15,-9.685341961645742e-15,6.0876390901992385,0.0,0.0,-0.32000598311424255,-4.234448728733276e-17,2.0865634922117063e-16,-1.0,2.0,-1.0
7.233333333333317,5.783221324706054,3.941016891759901e-15,-9.496177196257121e-15,5.7832213247060436,0.0,0.0,-0.31805360317230225,-4.2018597978321566e-17,2.0066019938041243e-16,-1.0,2.0,-1.0
7.266666666666651,5.480666717826166,3.882231237306855e-15,-9.305927135965303e-15,5.480666717826157,0.0,0.0,-0.31610339879989624,-4.15145240391991e-17,2.0674296796777217e-16,-1.0,2.0,-1.0
7.299999999999984,5.1799727452395885,3.824476423641923e-15,-9.109395577905014e-15,5.179972745239584,0.0,0.0,-0.3141553997993469,-4.084026926957243e-17,2.1279311255177283e-16,-1.0,2.0,-1.0
7.333333333333317,4.881138065589352,3.768515593352883e-15,-8.913129072600633e-15,4.8811380655893455,0.0,0.0,-0.3122095763683319,-4.008247256680035e-17,2.0014892235251585e-16,-1.0,2.0,-1.0
7.36666666666665,4.584160043159793,3.7156691815753434e-15,-8.732905368594954e-15,4.584160043159803,0.0,0.0,-0.3102659285068512,-3.926217409694376e-17,1.8811319297696308e-16,-1.0,2.0,-1.0
7.3999999999999835,4.289036706545816,3.665279200563685e-15,-8.561301968521452e-15,4.289036706545813,0.0,0.0,-0.3083244860172272,-3.8350012256979486e-17,1.830344098950059e-16,-1.0,2.0,-1.0
7.433333333333317,3.995766509226031,3.617160149906643e-15,-8.395658118845453e-15,3.995766509226022,0.0,0.0,-0.30638524889945984,-3.732509908207933e-17,1.7463008281789973e-16,-1.0,2.0,-1.0
7.46666666666665,3.704345875325106,3.5713917516257046e-15,-8.236672964722526e-15,3.704345875325114,0.0,0.0,-0.3044481873512268,-3.621490358602496e-17,1.668036704388374e-16,-1.0,2.0,-1.0
7.499999999999983,3.4147746450103686,3.5277939501654618e-15,-8.081826660326657e-15,3.414774645010371,0.0,0.0,-0.30251333117485046,-3.5046451413789706e-17,1.6898553466673588e-16,-1.0,2.0,-1.0
7.533333333333316,3.1270490542000764,3.4857433494867567e-15,-7.918960776824953e-15,3.127049054200081,0.0,0.0,-0.3005806803703308,-3.373854320772291e-17,1.7439054454739417e-16,-1.0,2.0,-1.0
7.5666666666666496,2.841168120891423,3.4455285356808837e-15,-7.750154498151474e-15,2.841168120891422,0.0,0.0,-0.29865023493766785,-3.231250699273864e-17,1.8084766199277092e-16,-1.0,2.0,-1.0
7.599999999999983,2.557129172012139,3.4073053339084332e-15,-7.574735886100492e-15,2.5571291720121474,0.0,0.0,-0.2967219948768616,-3.072499850473912e-17,1.8767732835115174e-16,-1.0,2.0,-1.0
7.633333333333316,2.274930055947372,3.371856384554694e-15,-7.407934257102954e-15,2.2749300559473706,0.0,0.0,-0.294795960187912,-2.911243967906905e-17,1.723180534488099e-16,-1.0,2.0,-1.0
7.666666666666649,1.9945690510026846,3.3390477873404624e-15,-7.246986357537126e-15,1.9945690510026917,0.0,0.0,-0.2928721308708191,-2.7416449762455648e-17,1.6720565374675857e-16,-1.0,2.0,-1.0
7.699999999999982,1.716043814165827,3.3088182243202933e-15,-7.089539821396812e-15,1.7160438141658143,0.0,0.0,-0.2909505069255829,-2.56112686962628e-17,1.6555297335265723e-16,-1.0,2.0,-1.0
7.733333333333316,1.439352259089459,3.2812100590540906e-15,-6.934074837589024e-15,1.4393522590894545,0.0,0.0,-0.28903111815452576,-2.3686432645741705e-17,1.5959262749595533e-16,-1.0,2.0,-1.0
7.766666666666649,1.1644923584486035,3.2564311452377226e-15,-6.786977759646996e-15,1.1644923584485942,0.0,0.0,-0.2871139347553253,-2.1685322270937096e-17,1.5122271113233136e-16,-1.0,2.0,-1.0
7.799999999999982,0.8914618740667646,3.2343703160515335e-15,-6.6435174776919626e-15,0.891461874066752,0.0,0.0,-0.28519895672798157,-1.9619572694345143e-17,1.5109826346353398e-16,-1.0,2.0,-1.0
7.833333333333315,0.6202586522578314,3.2150376288020484e-15,-6.501284650100635e-15,0.6202586522578383,0.0,0.0,-0.2832862138748169,-1.746624619757975e-17,1.492436054161819e-16,-1.0,2.0,-1.0
7.8666666666666485,0.35088068680358603,3.1984754214165523e-15,-6.357151872006946e-15,0.350880686803581,0.0,0.0,-0.2813756763935089,-1.5223132554044177e-17,1.5169633489874452e-16,-1.0,2.0,-1.0
7.899999999999982,0.08332581176430669,3.1847642675875384e-15,-6.212803437646314e-15,0.08332581176430755,0.0,0.0,-0.27946737408638,-1.2918844768307245e-17,1.5102904498987555e-16,-1.0,2.0,-1.0
7.933333333333315,-0.18240809340429445,3.1739876602332064e-15,-6.068587232499016e-15,-0.1824080934042846,0.0,0.0,-0.2775613069534302,-1.0498333970603549e-17,1.510049971951074e-16,-1.0,2.0,-1.0
7.966666666666648,-0.44632316799459043,3.1662478995641055e-15,-5.924479086684602e-15,-0.44632316799459565,0.0,0.0,-0.27565744519233704,-7.98253031197252e-18,1.509486562692252e-16,-1.0,2.0,-1.0
7.999999999999981,-0.708421558086708,3.1616297010613596e-15,-5.779736152325918e-15,-0.708421558086711,0.0,0.0,-0.273755818605423,-5.38112586765144e-18,1.515696505335708e-16,-1.0,2.0,-1.0
8.033333333333315,-0.9687052241383151,3.1602415530828755e-15,-5.634329583697224e-15,-0.9687052241383037,0.0,0.0,-0.271856427192688,-2.649588955773212e-18,1.52596055942296e-16,-1.0,2.0,-1.0
8.066666666666649,-1.227176647580856,3.1621867539426085e-15,-5.488902935234668e-15,-1.2271766475808599,0.0,0.0,-0.2699592709541321,1.9685501419008668e-19,1.515226402049982e-16,-1.0,2.0,-1.0
8.099999999999982,-1.4838376725392595,3.167560791285863e-15,-5.343267447643101e-15,-1.4838376725392703,0.0,0.0,-0.26806437969207764,3.1286390270047224e-18,1.5336292516202656e-16,-1.0,2.0,-1.0
8.133333333333315,-1.7386904938764103,3.176508288050009e-15,-5.195712501114439e-15,-1.7386904938764083,0.0,0.0,-0.2661716938018799,6.165285230135891e-18,1.5517176402088812e-16,-1.0,2.0,-1.0
8.166666666666648,-1.991737320907803,3.189179323995132e-15,-5.044664286245801e-15,-1.991737320907791,0.0,0.0,-0.2642812430858612,9.278367471360329e-18,1.615983750452739e-16,-1.0,2.0,-1.0
8.199999999999982,-2.2429801482700524,3.2059590520652e-15,-4.882725372027165e-15,-2.242980148270045,0.0,0.0,-0.262393057346344,1.2512461686707905e-17,1.7355294807656788e-16,-1.0,2.0,-1.0
8.233333333333315,-2.492421287341612,3.2266802177312078e-15,-4.719748472217292e-15,-2.4924212873416183,0.0,0.0,-0.26050710678100586,1.5915894662696113e-17,1.710560537667398e-16,-1.0,2.0,-1.0
8.266666666666648,-2.7400627721609028,3.2514630620217803e-15,-4.555919767037578e-15,-2.7400627721608912,0.0,0.0,-0.2586233913898468,1.9419510791393067e-17,1.7347565632013092e-16,-1.0,2.0,-1.0
8.299999999999981,-2.9859067931251024,3.280129698220213e-15,-4.397717393831425e-15,-2.9859067931251118,0.0,0.0,-0.2567419409751892,2.3118639329673056e-17,1.6310241439202193e-16,-1.0,2.0,-1.0
8.333333333333314,-3.2299555858303153,3.3118003049872657e-15,-4.243642525185978e-15,-3.2299555858303135,0.0,0.0,-0.2548627257347107,2.3913829559216208e-17,1.5944623637986814e-16,-1.0,2.0,-1.0
8.366666666666648,-3.4722111693593978,3.3417025793150658e-15,-4.101014221381612e-15,-3.4722111693593996,0.0,0.0,-0.25298577547073364,2.1701660742396243e-17,1.486355945787309e-16,-1.0,2.0,-1.0
8.39999999999998,-3.7126759296927516,3.369989036731958e-15,-3.960392820701312e-15,-3.7126759296927645,0.0,0.0,-0.25111106038093567,1.9516783922706853e-17,1.5125886885126728e-16,-1.0,2.0,-1.0
8.433333333333314,-3.9513515579703915,3.3973051534366817e-15,-3.812655896460778e-15,-3.9513515579703893,0.0,0.0,-0.24923861026763916,1.7417689041261663e-17,1.5914516910667844e-16,-1.0,2.0,-1.0
8.466666666666647,-4.1882405832093745,3.4242141785239128e-15,-3.652010197171032e-15,-4.188240583209362,0.0,0.0,-0.24736842513084412,1.543955608951255e-17,1.737779941427415e-16,-1.0,2.0,-1.0
8.49999999999998,-4.423345002158796,3.4506439738551523e-15,-3.4828221571764444e-15,-4.423345002158808,0.0,0.0,-0.24550049006938934,1.361815483868815e-17,1.814902026577123e-16,-1.0,2.0,-1.0
8.533333333333314,-4.656667243111361,3.4766681411618613e-15,-3.30638646850785e-15,-4.656667243111363,0.0,0.0,-0.24363481998443604,1.1915611997262106e-17,1.891741149782889e-16,-1.0,2.0,-1.0
8.566666666666647,-4.888208578404419,3.5021022862573345e-15,-3.1275523226890727e-15,-4.888208578404417,0.0,0.0,-0.2417714148759842,1.0432444898910638e-17,1.8342474649990232e-16,-1.0,2.0,-1.0
8.59999999999998,-5.117972224354659,3.5259871500042193e-15,-2.959291770536916e-15,-5.117972224354657,0.0,0.0,-0.2399102747440338,8.99284623060295e-18,1.8014580255174212e-16,-1.0,2.0,-1.0
8.633333333333313,-5.345960531708817,3.550038323494863e-15,-2.781734233286508e-15,-5.345960531708824,0.0,0.0,-0.2380513995885849,7.611354518785275e-18,1.931505508538436e-16,-1.0,2.0,-1.0
8.666666666666647,-5.572174321357773,3.574176457664623e-15,-2.5980846253474003e-15,-5.57217432135778,0.0,0.0,-0.23619478940963745,6.396642684383298e-18,1.9923587377493492e-16,-1.0,2.0,-1.0
8.69999999999998,-5.796617035324756,3.598541063117851e-15,-2.4086552534568086e-15,-5.796617035324744,0.0,0.0,-0.23434045910835266,5.324009046354654e-18,2.0529477985598374e-16,-1.0,2.0,-1.0
8.733333333333313,-6.019290226797047,3.6237697369447095e-15,-2.208718826716896e-15,-6.019290226797058,0.0,0.0,-0.23248839378356934,4.357759934087067e-18,2.1829959433253423e-16,-1.0,2.0,-1.0
8.766666666666646,-6.2401960729521395,3.649032195261233e-15,-2.0089215062335852e-15,-6.240196072952133,0.0,0.0,-0.23063860833644867,3.797475350028868e-18,1.9832860884419696e-16,-1.0,2.0,-1.0
8.79999999999998,-6.4593367373055735,3.670591102838088e-15,-1.845625366547922e-15,-6.459336737305576,0.0,0.0,-0.22879110276699066,3.368652099181884e-18,1.5818166912917668e-16,-1.0,2.0,-1.0
8.833333333333313,-6.6767148237205145,3.687472505204893e-15,-1.7250129532244712e-15,-6.676714823720509,0.0,0.0,-0.22694586217403412,2.9563445432402866e-18,1.1170276108673648e-16,-1.0,2.0,-1.0
8.866666666666646,-6.892332001787067,3.69928259543706e-15,-1.6470684483942577e-15,-6.892332001787079,0.0,0.0,-0.22510290145874023,2.4596196902700495e-18,6.504387839533944e-17,-1.0,2.0,-1.0
8.899999999999979,-7.106190781481284,3.705282422157272e-15,-1.614665278975088e-15,-7.106190781481281,0.0,0.0,-0.223262220621109,1.8632851275507175e-18,1.861026345452019e-17,-1.0,2.0,-1.0
8.933333333333312,-7.3182927645358316,3.705547423458555e-15,-1.62315156925702e-15,-7.318292764535824,0.0,0.0,-0.22142383456230164,1.0316464250863353e-18,-1.4999376889626133e-17,-1.0,2.0,-1.0
8.966666666666645,-7.528641241629762,3.703343759066671e-15,-1.6426245380441409e-15,-7.528641241629752,0.0,0.0,-0.21958771347999573,-7.25091984679779e-20,-2.3795031534002567e-17,-1.0,2.0,-1.0
8.999999999999979,-7.73723774864955,3.698872867560721e-15,-1.6703090571151245e-15,-7.737237748649538,0.0,0.0,-0.21775390207767487,-1.2216121750718946e-18,-3.2570263089055066e-17,-1.0,2.0,-1.0
9.033333333333312,-7.944083756184947,3.6921364616509596e-15,-1.705450306179906e-15,-7.944083756184943,0.0,0.0,-0.21592235565185547,-2.4175354290403423e-18,-4.032769522247537e-17,-1.0,2.0,-1.0
9.066666666666645,-8.14918249238255,3.68305361822822e-15,-1.7479892138771557e-15,-8.14918249238256,0.0,0.0,-0.21409310400485992,-3.650188810928595e-18,-4.851064891532765e-17,-1.0,2.0,-1.0
9.099999999999978,-8.35253537125698,3.671503702590388e-15,-1.797894763985141e-15,-8.352535371256975,0.0,0.0,-0.21226614713668823,-4.9676972751846806e-18,-5.647140204331349e-17,-1.0,2.0,-1.0
9.133333333333312,-8.554145954275873,3.657362818546957e-15,-1.8552381612780344e-15,-8.554145954275873,0.0,0.0,-0.2104414850473404,-6.335380861037008e-18,-6.463654819193872e-17,-1.0,2.0,-1.0
9.166666666666645,-8.754014189039843,3.640438662443245e-15,-1.9204500961253585e-15,-8.75401418903984,0.0,0.0,-0.2086191028356552,-7.797619876300578e-18,-7.346116904700554e-17,-1.0,2.0,-1.0
9.199999999999978,-8.952144598123956,3.620620235731389e-15,-1.9934390466737136e-15,-8.952144598123951,0.0,0.0,-0.20679901540279388,-9.309731678646502e-18,-8.183050307547827e-17,-1.0,2.0,-1.0
9.233333333333311,-9.148538444186268,3.597780341679921e-15,-2.074169038322172e-15,-9.14853844418628,0.0,0.0,-0.2049812376499176,-1.0934153928661813e-17,-9.073845741417613e-17,-1.0,2.0,-1.0
9.266666666666644,-9.343196925898116,3.571876584996788e-15,-2.1621122988867334e-15,-9.343196925898113,0.0,0.0,-0.20316573977470398,-1.2613874029806907e-17,-9.798748449078664e-17,-1.0,2.0,-1.0
9.299999999999978,-9.536124298845163,3.5457125298657175e-15,-2.2386154996095573e-15,-9.536124298845156,0.0,0.0,-0.2013525515794754,-1.47430303090735e-17,-6.706932607812658e-17,-1.0,2.0,-1.0
9.33333333333331,-9.727320546535674,3.524172766332524e-15,-2.2735651291021064e-15,-9.72732054653567,0.0,0.0,-0.19954164326190948,-1.6934807469432807e-17,-2.3530773798071476e-17,-1.0,2.0,-1.0
9.366666666666644,-9.916789038277129,3.5072566846774954e-15,-2.2693622850381523e-15,-9.91678903827713,0.0,0.0,-0.1977330595254898,-1.8907236183677752e-17,1.0440045861559388e-17,-1.0,2.0,-1.0
9.399999999999977,-10.104531672682572,3.4907798057058963e-15,-2.2533546678432623e-15,-10.104531672682567,0.0,0.0,-0.1959267556667328,-2.0499588641344382e-17,1.5303481570025128e-17,-1.0,2.0,-1.0
9.43333333333331,-10.290551510717087,3.4737394593133045e-15,-2.2322527346516148e-15,-10.290551510717096,0.0,0.0,-0.19412276148796082,-2.2063135361359466e-17,2.0562520542347417e-17,-1.0,2.0,-1.0
9.466666666666644,-10.474849768454899,3.456230441164647e-15,-2.2057201416823554e-15,-10.47484976845491,0.0,0.0,-0.1923210769891739,-2.3624708428432998e-17,2.591536510485567e-17,-1.0,2.0,-1.0
9.499999999999977,-10.657428609052527,3.4382937179875727e-15,-2.173920040943484e-15,-10.657428609052515,0.0,0.0,-0.19052168726921082,-2.513876658676026e-17,3.149882927650493e-17,-1.0,2.0,-1.0
9.53333333333331,-10.838290425912998,3.420075698469325e-15,-2.1363962544645205e-15,-10.838290425913009,0.0,0.0,-0.1887246072292328,-2.6621391881810505e-17,3.71763984777219e-17,-1.0,2.0,-1.0
9.566666666666643,-11.017438443324828,3.401678288155286e-15,-2.093025524173124e-15,-11.017438443324819,0.0,0.0,-0.1869298219680786,-2.806536468119737e-17,4.335412409068028e-17,-1.0,2.0,-1.0
9.599999999999977,-11.194873500292664,3.383240231143046e-15,-2.043469677434927e-15,-11.194873500292674,0.0,0.0,-0.18513734638690948,-2.946864350316908e-17,4.942621212197074e-17,-1.0,2.0,-1.0
9.63333333333331,-11.37059790147877,3.3648434392804514e-15,-1.9877193036324158e-15,-11.37059790147876,0.0,0.0,-0.1833471804857254,-3.082060073121555e-17,5.591807777051961e-17,-1.0,2.0,-1.0
9.666666666666643,-11.544613932615352,3.3466604175133706e-15,-1.9253771523050538e-15,-11.544613932615365,0.0,0.0,-0.18155932426452637,-3.211279912308874e-17,6.311745415804224e-17,-1.0,2.0,-1.0
9.699999999999976,-11.716924709647127,3.3289714583546123e-15,-1.8555492895150703e-15,-11.716924709647126,0.0,0.0,-0.17977377772331238,-3.334454053835165e-17,7.083070161186241e-17,-1.0,2.0,-1.0
9.73333333333331,-11.887530781186017,3.3119003128407287e-15,-1.7781349246875463e-15,-11.887530781186012,0.0,0.0,-0.17799052596092224,-3.4521214885875685e-17,7.853417509956465e-17,-1.0,2.0,-1.0
9.766666666666643,-12.056436922752455,3.295575506615923e-15,-1.6930346898778896e-15,-12.056436922752464,0.0,0.0,-0.17620959877967834,-3.561428112580531e-17,8.685485105568456e-17,-1.0,2.0,-1.0
9.799999999999976,-12.223642795236625,3.280145484784574e-15,-1.6001202703478141e-15,-12.223642795236634,0.0,0.0,-0.1744309663772583,-3.6645480873360864e-17,9.477021512909839e-17,-1.0,2.0,-1.0
9.833333333333309,-12.389151548398829,3.2657722196856723e-15,-1.4991486183417116e-15,-12.389151548398841,0.0,0.0,-0.1726546436548233,-3.758525731089461e-17,1.0329710390320532e-16,-1.0,2.0,-1.0
9.866666666666642,-12.5529652198485,3.2523560634369342e-15,-1.391336890313801e-15,-12.55296521984849,0.0,0.0,-0.17088063061237335,-3.834572084396156e-17,1.0571832773059703e-16,-1.0,2.0,-1.0
9.899999999999975,-12.715087656176513,3.236326548703076e-15,-1.2941844425868635e-15,-12.715087656176507,0.0,0.0,-0.16910892724990845,-3.879718609612565e-17,8.951340954442999e-17,-1.0,2.0,-1.0
9.933333333333309,-12.875517675238966,3.2167404953301614e-15,-1.211886202917478e-15,-12.875517675238957,0.0,0.0,-0.1673395335674286,-3.926562178573688e-17,7.371562965576155e-17,-1.0,2.0,-1.0
9.966666666666642,-13.03426067893224,3.1936299458325754e-15,-1.143925316499714e-15,-13.034260678932249,0.0,0.0,-0.16557244956493378,-3.970623111954183e-17,5.812302364623077e-17,-1.0,2.0,-1.0
9.999999999999975,-13.191317123820639,3.166908050102229e-15,-1.0903280264485053e-15,-13.191317123820633,0.0,0.0,-0.163807675242424,-4.014781652646959e-17,4.2432118801426626e-17,-1.0,2.0,-1.0
10.033333333333308,-13.346690639358709,3.1365959027787417e-15,-1.0506463061344452e-15,-13.346690639358716,0.0,0.0,-0.1620452105998993,-4.060212727994086e-17,2.7657938524845604e-17,-1.0,2.0,-1.0
10.066666666666642,-13.500381697056424,3.1027530103451697e-15,-1.0241903941360947e-15,-13.500381697056424,0.0,0.0,-0.16028505563735962,-4.108346698710792e-17,1.3398698859094157e-17,-1.0,2.0,-1.0
10.099999999999975,-13.652392299452535,3.0654368545653386e-15,-1.010303370119047e-15,-13.65239229945254,0.0,0.0,-0.1585271954536438,-4.158810671776937e-17,-5.803805492992628e-20,-1.0,2.0,-1.0
10.133333333333308,-13.802727766281963,3.0246685102815904e-15,-1.0084360258287426e-15,-13.802727766281956,0.0,0.0,-0.15677165985107422,-4.213051220647754e-17,-1.3201331910577779e-17,-1.0,2.0,-1.0
10.166666666666641,-13.95138675931063,2.9804176136635395e-15,-1.0183810732257789e-15,-13.95138675931062,0.0,0.0,-0.1550184190273285,-4.270360940463388e-17,-2.6037160832609202e-17,-1.0,2.0,-1.0
10.199999999999974,-14.098372907843194,2.932638644346855e-15,-1.0398688994149907e-15,-14.098372907843192,0.0,0.0,-0.1532674878835678,-4.3322658140178765e-17,-3.86700186574742e-17,-1.0,2.0,-1.0
10.233333333333308,-14.2436890085428,2.881335766469846e-15,-1.072471763998088e-15,-14.243689008542804,0.0,0.0,-0.15151886641979218,-4.397598524030785e-17,-5.0996118206535134e-17,-1.0,2.0,-1.0
10.26666666666664,-14.387336153366922,2.826480568710998e-15,-1.1158297378327988e-15,-14.387336153366928,0.0,0.0,-0.1497725397348404,-4.4711907978961575e-17,-6.259652889548085e-17,-1.0,2.0,-1.0
10.299999999999974,-14.529317107163195,2.7680965990743013e-15,-1.1693791665870093e-15,-14.529317107163202,0.0,0.0,-0.14802852272987366,-4.55015941487088e-17,-7.382646524039876e-17,-1.0,2.0,-1.0
10.333333333333307,-14.66963460699418,2.706175230966476e-15,-1.2326551041251094e-15,-14.669634606994187,0.0,0.0,-0.14628680050373077,-4.637532848613631e-17,-8.431820575433965e-17,-1.0,2.0,-1.0
10.36666666666664,-14.808290556327337,2.6408390986029296e-15,-1.3047413977751126e-15,-14.808290556327334,0.0,0.0,-0.14454738795757294,-4.732562335233928e-17,-9.380404832130175e-17,-1.0,2.0,-1.0
10.399999999999974,-14.945285983816495,2.572115313672336e-15,-1.3850241599912261e-15,-14.945285983816495,0.0,0.0,-0.14281027019023895,-4.8363923618272993e-17,-1.0317419148162484e-16,-1.0,2.0,-1.0
10.433333333333307,-15.080624388009522,2.4999819125969685e-15,-1.47311873987625e-15,-15.080624388009532,0.0,0.0,-0.14107546210289001,-4.949013002226394e-17,-1.1162704428218582e-16,-1.0,2.0,-1.0
10.46666666666664,-15.214306849497026,2.4245729552514535e-15,-1.5680881020979239e-15,-15.21430684949702,0.0,0.0,-0.13934293389320374,-5.0691176419356235e-17,-1.1965466669089044e-16,-1.0,2.0,-1.0
10.499999999999973,-15.346336834647797,2.3457873496620807e-15,-1.669898376419971e-15,-15.346336834647802,0.0,0.0,-0.1376127153635025,-5.198164104066551e-17,-1.276969930621638e-16,-1.0,2.0,-1.0
10.533333333333307,-15.476715293103888,2.263530835243317e-15,-1.7784345384926935e-15,-15.476715293103881,0.0,0.0,-0.13588479161262512,-5.335991915580342e-17,-1.3523019969257814e-16,-1.0,2.0,-1.0
10.56666666666664,-15.605446702066,2.1779137626468082e-15,-1.892845530728975e-15,-15.605446702066,0.0,0.0,-0.1341591477394104,-5.4846425582287764e-17,-1.4178645969745304e-16,-1.0,2.0,-1.0
10.599999999999973,-15.73253014853603,2.089001247088076e-15,-2.0123945058412436e-15,-15.732530148536043,0.0,0.0,-0.13243581354618073,-5.64420272054005e-17,-1.4789134378567e-16,-1.0,2.0,-1.0
10.633333333333306,-15.85796915853499,1.9968563105845106e-15,-2.136400465506339e-15,-15.857969158534992,0.0,0.0,-0.1307147592306137,-5.814529796576559e-17,-1.5318342035165766e-16,-1.0,2.0,-1.0
10.66666666666664,-15.981765577171428,1.9014699612699774e-15,-2.2644775305324114e-15,-15.981765577171421,0.0,0.0,-0.12899598479270935,-5.995927857931478e-17,-1.581914629476293e-16,-1.0,2.0,-1.0
10.699999999999973,-16.103923684591404,1.8028834838566573e-15,-2.3960239284543118e-15,-16.1039236845914,0.0,0.0,-0.12727950513362885,-6.188254629539448e-17,-1.6246308980530214e-16,-1.0,2.0,-1.0
10.733333333333306,-16.224444359126213,1.701103202734168e-15,-2.530616714022403e-15,-16.224444359126224,0.0,0.0,-0.125565305352211,-6.389784281770437e-17,-1.6612244419100813e-16,-1.0,2.0,-1.0
10.766666666666639,-16.343328460494416,1.596335784313712e-15,-2.6671124796736715e-15,-16.343328460494426,0.0,0.0,-0.12385337799787521,-6.603672012352968e-17,-1.6909485485649088e-16,-1.0,2.0,-1.0
10.799999999999972,-16.460579497772255,1.48859649416564e-15,-2.8051109594021895e-15,-16.460579497772247,0.0,0.0,-0.12214373797178268,-6.827916705949154e-17,-1.7118099112645982e-16,-1.0,2.0,-1.0
10.833333333333306,-16.57619732936401,1.3779365528553387e-15,-2.9440249912546083e-15,-16.576197329364007,0.0,0.0,-0.12043637037277222,-7.06307819839757e-17,-1.7297544366010785e-16,-1.0,2.0,-1.0
10.866666666666639,-16.690188121220874,1.26454735841031e-15,-3.082802196139246e-15,-16.690188121220874,0.0,0.0,-0.11873127520084381,-7.311015991715234e-17,-1.7316983772150272e-16,-1.0,2.0,-1.0
10.899999999999972,-16.80255269852663,1.1485109562285752e-15,-3.220842514086514e-15,-16.802552698526636,0.0,0.0,-0.11702844500541687,-7.56817850322409e-17,-1.7349658068090606e-16,-1.0,2.0,-1.0
10.933333333333305,-16.91329186809437,1.0295034804651485e-15,-3.3589191286733295e-15,-16.913291868094362,0.0,0.0,-0.11532788723707199,-7.827223677807116e-17,-1.788802029796462e-16,-1.0,2.0,-1.0
10.966666666666638,-17.022407096529623,9.0262951418426e-16,-3.5138010578578007e-15,-17.022407096529616,0.0,0.0,-0.11362959444522858,-8.064761494719274e-17,-2.0268411843342757e-16,-1.0,2.0,-1.0
10.999999999999972,-17.129903875291053,7.667172063892655e-16,-3.6888654368421965e-15,-17.129903875291042,0.0,0.0,-0.11193355917930603,-8.318903804375576e-17,-2.2546794152091877e-16,-1.0,2.0,-1.0
11.033333333333305,-17.235780282557762,6.218280486813921e-16,-3.88304581418846e-15,-17.23578028255776,0.0,0.0,-0.11023978143930435,-8.591553122184895e-17,-2.4716712568456103e-16,-1.0,2.0,-1.0
11.066666666666638,-17.340042136407842,4.680564483684802e-16,-4.095184759284118e-15,-17.340042136407835,0.0,0.0,-0.10854826122522354,-8.885423924045384e-17,-2.6750729842389296e-16,-1.0,2.0,-1.0
11.099999999999971,-17.442689519291346,3.0542870916638154e-16,-4.324284043032426e-15,-17.442689519291356,0.0,0.0,-0.106858991086483,-9.199802849396777e-17,-2.870316725559006e-16,-1.0,2.0,-1.0
11.133333333333304,-17.543725896638854,1.4951842365856328e-16,-4.524984411679895e-15,-17.543725896638847,0.0,0.0,-0.10517196357250214,-9.229679289633213e-17,-2.0732191498722049e-16,-1.0,2.0,-1.0
11.166666666666638,-17.643152644361003,2.6447307782357937e-17,-4.622936066122665e-15,-17.643152644361006,0.0,0.0,-0.10348718613386154,-9.162166793270105e-17,-9.412596716337269e-17,-1.0,2.0,-1.0
11.19999999999997,-17.740969829338585,-6.312257759592446e-17,-4.617255909838372e-15,-17.740969829338596,0.0,0.0,-0.10180464386940002,-9.090593170971606e-17,2.019037860220471e-17,-1.0,2.0,-1.0
11.233333333333304,-17.8371842732986,-1.1848532043791435e-16,-4.5074598123070996e-15,-17.837184273298597,0.0,0.0,-0.10012434422969818,-8.998537233217315e-17,1.3491403141012567e-16,-1.0,2.0,-1.0
11.266666666666637,-17.931793303242824,-1.3868185018883267e-16,-4.2927403505506466e-15,-17.93179330324283,0.0,0.0,-0.09844626486301422,-8.868441575197425e-17,2.5112181663617295e-16,-1.0,2.0,-1.0
11.29999999999997,-18.02480204709427,-1.4926479706603808e-16,-4.046265598401827e-15,-18.024802047094273,0.0,0.0,-0.09677042067050934,-9.110509694888413e-17,2.367951278360933e-16,-1.0,2.0,-1.0
11.333333333333304,-18.116212874791497,-1.6564748377748556e-16,-3.811589089858744e-15,-18.11621287479149,0.0,0.0,-0.09509680420160294,-9.338073037102161e-17,2.2334003593873835e-16,-1.0,2.0,-1.0
11.366666666666637,-18.206026453053507,-1.874559009349063e-16,-3.587818712399844e-15,-18.2060264530535,0.0,0.0,-0.09342540055513382,-9.553555571905695e-17,2.1105088489327894e-16,-1.0,2.0,-1.0
11.39999999999997,-18.294244518518433,-2.1416166833875915e-16,-3.373543218510521e-15,-18.294244518518422,0.0,0.0,-0.09175620973110199,-9.758900842866269e-17,2.003913987685572e-16,-1.0,2.0,-1.0
11.433333333333303,-18.380868812785945,-2.4539707731109566e-16,-3.1679044730776044e-15,-18.380868812785938,0.0,0.0,-0.09008923172950745,-9.951184601082386e-17,1.9034304691527943e-16,-1.0,2.0,-1.0
11.466666666666637,-18.4659050423101,-2.8082627176484223e-16,-2.970115068081043e-15,-18.46590504231009,0.0,0.0,-0.088424451649189,-1.0133415798750268e-16,1.8151845914743712e-16,-1.0,2.0,-1.0
11.49999999999997,-18.549351570195658,-3.2008649003358514e-16,-2.779293035276675e-15,-18.549351570195665,0.0,0.0,-0.08676188439130783,-1.0304891663221491e-16,1.7345835831916121e-16,-1.0,2.0,-1.0
11.533333333333303,-18.631212399772178,-3.629577194187838e-16,-2.5950470324994876e-15,-18.63121239977218,0.0,0.0,-0.08510150015354156,-1.0465314409475535e-16,1.6570664365813488e-16,-1.0,2.0,-1.0
11.566666666666636,-18.71148814793685,-4.0907295791514044e-16,-2.41648365285316e-15,-18.711488147936848,0.0,0.0,-0.08344331383705139,-1.0619074050459342e-16,1.5958479244119323e-16,-1.0,2.0,-1.0
11.59999999999997,-18.79018164684609,-4.577886491935558e-16,-2.2418980290911537e-15,-18.790181646846076,0.0,0.0,-0.08178730309009552,-1.0760204959595179e-16,1.5524373535162514e-16,-1.0,2.0,-1.0
11.633333333333303,-18.867295196202203,-5.086000911915409e-16,-2.0699930107531237e-15,-18.867295196202196,0.0,0.0,-0.08013347536325455,-1.0896155071118475e-16,1.5222611430258269e-16,-1.0,2.0,-1.0
11.666666666666636,-18.942831080186483,-5.609816015107645e-16,-1.8995135906361695e-15,-18.94283108018648,0.0,0.0,-0.07848182320594788,-1.1018518244772219e-16,1.505324454547681e-16,-1.0,2.0,-1.0
11.699999999999969,-19.01679101222035,-6.144995223437512e-16,-1.729488767071337e-15,-19.01679101222035,0.0,0.0,-0.07683233916759491,-1.1132381972195858e-16,1.5040990361010206e-16,-1.0,2.0,-1.0
11.733333333333302,-19.089176709058645,-6.686502630581227e-16,-1.5587330585655833e-15,-19.089176709058645,0.0,0.0,-0.07518501579761505,-1.1235287210864395e-16,1.506524594354822e-16,-1.0,2.0,-1.0
11.766666666666636,-19.15999325787061,-7.230744637500597e-16,-1.3864647462481456e-15,-19.159993257870596,0.0,0.0,-0.0735398456454277,-1.1329538155092157e-16,1.5246460701679398e-16,-1.0,2.0,-1.0
11.799999999999969,-19.22923673120945,-7.772936524726777e-16,-1.2116120006200636e-15,-19.22923673120945,0.0,0.0,-0.07189682871103287,-1.1411860493142415e-16,1.5539542042363266e-16,-1.0,2.0,-1.0
11.833333333333302,-19.29691334125094,-8.309010551994521e-16,-1.033343732997126e-15,-19.296913341250924,0.0,0.0,-0.07025595009326935,-1.1485393540875929e-16,1.5950912857620178e-16,-1.0,2.0,-1.0
11.866666666666635,-19.36302533683145,-8.832535369838982e-16,-8.500797569474565e-16,-19.363025336831445,0.0,0.0,-0.06861720979213715,-1.1549570845009223e-16,1.6525336191734562e-16,-1.0,2.0,-1.0
11.899999999999968,-19.42757273936853,-9.337718429203365e-16,-6.604620170057379e-16,-19.42757273936854,0.0,0.0,-0.06698060780763626,-1.1604099914477699e-16,1.7237284589258542e-16,-1.0,2.0,-1.0
11.933333333333302,-19.490557782929,-9.820352785807224e-16,-4.63666850661524e-16,-19.490557782929002,0.0,0.0,-0.0653461217880249,-1.1645429828347788e-16,1.806476960427699e-16,-1.0,2.0,-1.0
11.966666666666635,-19.55198500799944,-1.0275190368037383e-15,-2.586485840282076e-16,-19.55198500799944,0.0,0.0,-0.06371375173330307,-1.1672177540635303e-16,1.901445103333769e-16,-1.0,2.0,-1.0
11.999999999999968,-19.611853798391085,-1.0695959735824272e-15,-4.406851094361082e-17,-19.61185379839108,0.0,0.0,-0.062083497643470764,-1.168740825181812e-16,2.01152603455453e-16,-1.0,2.0,-1.0
12.033333333333301,-19.67016817866133,-1.1090763583905693e-15,1.7712166493126534e-16,-19.670168178661324,0.0,0.0,-0.06045534089207649,-1.166308384785314e-16,2.0131758959171037e-16,-1.0,2.0,-1.0
12.066666666666634,-19.72692803446608,-1.1510710238082775e-15,3.891839163415391e-16,-19.726928034466077,0.0,0.0,-0.05882928520441055,-1.1602035271668766e-16,1.9042706199573522e-16,-1.0,2.0,-1.0
12.099999999999968,-19.782137396951644,-1.1954979635262725e-15,5.920395258291338e-16,-19.78213739695164,0.0,0.0,-0.05720531567931175,-1.1529750274043472e-16,1.8030110074866528e-16,-1.0,2.0,-1.0
12.1333333333333,-19.83579561904598,-1.241975462531398e-15,7.864674038880956e-16,-19.83579561904599,0.0,0.0,-0.05558342859148979,-1.1446925010180783e-16,1.72032484231577e-16,-1.0,2.0,-1.0
12.166666666666634,-19.88790725035905,-1.2899165435218657e-15,9.738291427331112e-16,-19.887907250359046,0.0,0.0,-0.053963612765073776,-1.1351616598257933e-16,1.65165879295762e-16,-1.0,2.0,-1.0
12.199999999999967,-19.938472806902613,-1.3386563573130548e-15,1.1557487018244575e-15,-19.93847280690262,0.0,0.0,-0.05234586447477341,-1.124643231156569e-16,1.5970074331073846e-16,-1.0,2.0,-1.0
12.2333333333333,-19.987493979411003,-1.3863652647344489e-15,1.3372763238330929e-15,-19.987493979411017,0.0,0.0,-0.05073017254471779,-1.1159320266896505e-16,1.6772168210009365e-16,-1.0,2.0,-1.0
12.266666666666634,-20.034975822872795,-1.4269628836214467e-15,1.536004871185731e-15,-20.034975822872806,0.0,0.0,-0.04911653324961662,-1.1088905359200071e-16,1.892102462274452e-16,-1.0,2.0,-1.0
12.299999999999967,-20.08091547593335,-1.459506218425547e-15,1.754130260434742e-15,-20.080915475933345,0.0,0.0,-0.047504931688308716,-1.1002292931620869e-16,2.1130486242855722e-16,-1.0,2.0,-1.0
12.3333333333333,-20.125319180489328,-1.4832968174855213e-15,1.993079498317853e-15,-20.12531918048934,0.0,0.0,-0.04589536786079407,-1.0900586773968289e-16,2.3560991698464773e-16,-1.0,2.0,-1.0
12.366666666666633,-20.168186238610584,-1.4977184706221609e-15,2.2539914493758062e-15,-20.168186238610577,0.0,0.0,-0.044287826865911484,-1.0782882943268933e-16,2.6091208813833417e-16,-1.0,2.0,-1.0
12.399999999999967,-20.209519045694556,-1.5022234022393753e-15,2.537796336658853e-15,-20.209519045694567,0.0,0.0,-0.04268230125308037,-1.0647390758932747e-16,2.873042318764593e-16,-1.0,2.0,-1.0
12.4333333333333,-20.24932025767645,-1.4962185990096377e-15,2.8454670418990247e-15,-20.249320257676448,0.0,0.0,-0.04107878357172012,-1.049019467881215e-16,3.150018916143197e-16,-1.0,2.0,-1.0
12.466666666666633,-20.287591077946033,-1.4790581622606797e-15,3.1781114234668493e-15,-20.287591077946033,0.0,0.0,-0.03947726637125015,-1.0314762905779454e-16,3.4392216400220285e-16,-1.0,2.0,-1.0
12.499999999999966,-20.324336557056483,-1.450057823730065e-15,3.5368798018083966e-15,-20.324336557056498,0.0,0.0,-0.03787773847579956,-1.0112339236742417e-16,3.7448660675004544e-16,-1.0,2.0,-1.0
12.5333333333333,-20.35955260808226,-1.4086207645326057e-15,3.9226153170292886e-15,-20.35955260808225,0.0,0.0,-0.03628018870949745,-9.885782407898023e-17,4.056484988932779e-16,-1.0,2.0,-1.0
12.566666666666633,-20.393245007354864,-1.3540322591725739e-15,4.336376963637445e-15,-20.393245007354853,0.0,0.0,-0.03468461334705353,-9.629405387098848e-17,4.3829942201822425e-16,-1.0,2.0,-1.0
12.599999999999966,-20.42541470290951,-1.292231087080561e-15,4.767281458715358e-15,-20.425414702909517,0.0,0.0,-0.03309100121259689,-9.779223016155472e-17,4.444667747863012e-16,-1.0,2.0,-1.0
12.633333333333299,-20.45606458590448,-1.2334376107626792e-15,5.1970155117003504e-15,-20.45606458590449,0.0,0.0,-0.031499337404966354,-1.0043938679273672e-16,4.425637299818372e-16,-1.0,2.0,-1.0
12.666666666666632,-20.485194660250738,-1.1769164050578833e-15,5.626573294551305e-15,-20.485194660250738,0.0,0.0,-0.029909618198871613,-1.0268144991689435e-16,4.4212094350866004e-16,-1.0,2.0,-1.0
12.699999999999966,-20.51280875491395,-1.1218795571070614e-15,6.057200388895813e-15,-20.512808754913948,0.0,0.0,-0.028321830555796623,-1.0465507638866627e-16,4.4316951735780166e-16,-1.0,2.0,-1.0
12.733333333333299,-20.538908086922188,-1.0658160372467985e-15,6.495248985163374e-15,-20.538908086922195,0.0,0.0,-0.02673596702516079,-1.0687971578040109e-16,4.692486824219163e-16,-1.0,2.0,-1.0
12.766666666666632,-20.563493121688634,-9.676715740771236e-16,7.057037939830613e-15,-20.56349312168862,0.0,0.0,-0.025152014568448067,-1.1195969000244035e-16,6.430647136379454e-16,-1.0,2.0,-1.0
12.799999999999965,-20.58656844000898,-8.304471466415455e-16,7.732412641284624e-15,-20.586568440008985,0.0,0.0,-0.023569965735077858,-1.155156137243527e-16,7.691934251982679e-16,-1.0,2.0,-1.0
12.833333333333298,-20.608131602543224,-6.512493164994567e-16,8.52780458158811e-15,-20.608131602543214,0.0,0.0,-0.02198980748653412,-1.1851543384661301e-16,8.96598456591425e-16,-1.0,2.0,-1.0
12.866666666666632,-20.628188411944418,-4.501667436137056e-16,9.384027735999058e-15,-20.628188411944425,0.0,0.0,-0.020411530509591103,-1.1768948407881146e-16,8.795815117415269e-16,-1.0,2.0,-1.0
12.899999999999965,-20.646738104108255,-2.5706968502491115e-16,1.0214225610046632e-14,-20.64673810410825,0.0,0.0,-0.018835125491023064,-1.168163519288699e-16,8.884185535406718e-16,-1.0,2.0,-1.0
12.933333333333298,-20.663786486285908,-7.689065843413638e-17,1.1002809871344207e-14,-20.663786486285918,0.0,0.0,-0.017260577529668808,-1.1376398929410021e-16,8.246416312936329e-16,-1.0,2.0,-1.0
12.966666666666631,-20.6793294302999,8.926502415475821e-17,1.1745222639957746e-14,-20.679329430299894,0.0,0.0,-0.01568787917494774,-1.1021857407468973e-16,7.627665627109759e-16,-1.0,2.0,-1.0
12.999999999999964,-20.693371520652896,2.385238670946217e-16,1.2431958721318816e-14,-20.69337152065289,0.0,0.0,-0.014117018319666386,-1.0620330703245932e-16,7.024438937623992e-16,-1.0,2.0,-1.0
13.033333333333298,-20.70591611759878,3.7151250168869915e-16,1.3063546910312533e-14,-20.70591611759879,0.0,2.5444437451708134e-14,-0.012547982856631279,-1.0173256125773272e-16,6.426092216705594e-16,-1.0,2.0,-1.0
13.066666666666631,-20.716963221708955,4.779987821450102e-16,1.3621707491571173e-14,-20.716963221708944,0.0,2.5444437451708134e-14,-0.010980762541294098,-1.0320457878860759e-16,5.716499894263961e-16,-1.0,2.0,-1.0
13.099999999999964,-20.72651496424098,5.557884463406324e-16,1.4106164186700845e-14,-20.726514964240966,0.0,2.5444437451708134e-14,-0.009415344335138798,-1.0365182541964766e-16,4.772323914662617e-16,-1.0,2.0,-1.0
13.133333333333297,-20.734572573253896,6.096487560586144e-16,1.452932375732152e-14,-20.73457257325391,0.0,2.5444437451708134e-14,-0.007851717993617058,-1.0435168639231652e-16,4.089398306982917e-16,-1.0,2.0,-1.0
13.16666666666663,-20.74113772891204,6.306556625070628e-16,1.4865158262751312e-14,-20.74113772891204,0.0,2.5444437451708134e-14,-0.006289869546890259,-1.0368399943675352e-16,2.9336258209213646e-16,-1.0,2.0,-1.0
13.199999999999964,-20.746212111200613,6.1351716107267075e-16,1.5098080278984684e-14,-20.746212111200606,0.0,2.5444437451708134e-14,-0.004729789216071367,-1.0284038109106784e-16,1.7865208641903876e-16,-1.0,2.0,-1.0
13.233333333333297,-20.749799079562212,5.643904453365402e-16,1.524511762957196e-14,-20.749799079562212,0.0,2.5444437451708134e-14,-0.003171463031321764,-1.0242438203484757e-16,8.956385432690593e-17,-1.0,2.0,-1.0
13.26666666666663,-20.751899083475227,4.838410421033305e-16,1.5307624511401822e-14,-20.75189908347522,0.0,2.5444437451708134e-14,-0.00161487958393991,-1.0196902903380448e-16,1.2929593980367371e-18,-1.0,2.0,-1.0
13.299999999999963,-20.75251335293133,3.7601136863887254e-16,1.5297317048471885e-14,-20.752513352931338,0.0,2.5444437451708134e-14,-6.002593363518827e-05,-1.0153244310649899e-16,-8.569585852093446e-17,-1.0,2.0,-1.0
13.333333333333297,-20.751641888003547,2.490502570154467e-16,1.5237184940402283e-14,-20.751641888003547,0.0,2.5444437451708134e-14,0.0014931104378774762,-1.0221198190587866e-16,-1.2278716658340426e-16,-1.0,2.0,-1.0
13.36666666666663,-20.749291407193716,1.0728369283088421e-16,1.5139563077828867e-14,-20.74929140719372,0.0,2.5444437451708134e-14,0.003044542158022523,-1.0296491478664892e-16,-1.5839772870517553e-16,-1.0,2.0,-1.0
13.399999999999963,-20.74545855122987,-5.2837428045975656e-17,1.4994594583808312e-14,-20.745458551229856,0.0,2.5444437451708134e-14,0.0045942822471261024,-1.0329767300346675e-16,-2.1726931110109738e-16,-1.0,2.0,-1.0
13.433333333333296,-20.74014667936473,-2.4083718383831194e-16,1.4775639500230013e-14,-20.740146679364724,0.0,2.5444437451708134e-14,0.006142343394458294,-1.0269101874222036e-16,-3.242136925530654e-16,-1.0,2.0,-1.0
13.46666666666663,-20.733359150984835,-4.486730884258221e-16,1.4505771632562777e-14,-20.733359150984832,0.0,2.5444437451708134e-14,0.007688739337027073,-1.0386916877995719e-16,-3.5644835192399547e-16,-1.0,2.0,-1.0
13.499999999999963,-20.72509551521677,-6.723188944478378e-16,1.4196868421399336e-14,-20.725095515216758,0.0,2.5444437451708134e-14,0.009233483113348484,-1.0475949966919497e-16,-4.1222859493468414e-16,-1.0,2.0,-1.0
13.533333333333296,-20.715356674056057,-9.114171891470751e-16,1.3850662915421864e-14,-20.715356674056064,0.0,2.5444437451708134e-14,0.010776586830615997,-1.0654622302719931e-16,-4.417506312920323e-16,-1.0,2.0,-1.0
13.56666666666663,-20.704145084575522,-1.1659666987744378e-15,1.3467997115682122e-14,-20.704145084575515,0.0,2.5444437451708134e-14,0.012318066321313381,-1.0863900982929317e-16,-4.705347431336443e-16,-1.0,2.0,-1.0
13.599999999999962,-20.691460745440008,-9.36797693225852e-13,3.6452076758966895e-13,-20.69146074544002,-9.414441857132009e-13,3.562221243239139e-13,0.013864598236978054,4.932775975879933e-12,-8.200374990055374e-15,-1.0,2.0,1.0
13.633333333333296,-20.677292804416535,1.7512754104752181e-12,-6.480836187710239e-13,-20.677292804416542,1.7556661841678612e-12,-6.361109362927034e-13,0.015417744405567646,2.075559342451516e-12,9.999278999478587e-15,-1.0,2.0,1.0
13.666666666666629,-20.66165165876221,2.7109122258604087e-12,-9.921903687961154e-13,-20.661651658762214,2.7225548073327702e-12,-9.923330606166172e-13,0.016955425962805748,5.897517717234901e-13,1.995953519107717e-14,-1.0,2.0,1.0
13.699999999999962,-20.644546615680493,2.807858173912306e-12,-1.0097601946094665e-12,-20.644546615680504,2.7988881196878947e-12,-1.0177774980683254e-12,0.018485838547348976,-1.211344257323263e-13,1.688632008745375e-14,-1.0,2.0,1.0
13.733333333333295,-20.625982260464784,2.520637558685851e-12,-8.884106334031484e-13,-20.625982260464788,2.5189993077191054e-12,-8.905553108097847e-13,0.02001475729048252,-4.1233615371942534e-13,1.0545627108918872e-14,-1.0,2.0,1.0
13.766666666666628,-20.605956913235477,2.1017421273123312e-12,-7.236651406225864e-13,-20.60595691323547,2.1118883084917752e-12,-7.124442486478278e-13,0.021543489769101143,-4.88496667162136e-13,5.098164678098019e-15,-1.0,2.0,1.0
13.799999999999962,-20.584471794663145,1.6756108238703347e-12,-5.608881234170138e-13,-20.584471794663152,1.679332871812737e-12,-5.597776239375789e-13,0.023071885108947754,-4.632196319229176e-13,1.2635760103849427e-15,-1.0,2.0,1.0
13.833333333333295,-20.56152736261476,-1.959002135291294e-10,7.327715998687023e-11,-20.56152736261476,-1.9589672394070093e-10,7.327997986091942e-11,0.024599594995379448,-1.4735014597366813e-10,-5.800832904301334e-13,-1.0,2.0,1.0
13.866666666666628,-20.53712651610312,-2.5797902616095117e-10,9.580602993298609e-11,-20.53712651610312,-2.579811513228688e-10,9.579830700568112e-11,0.02612634375691414,-3.2441591080178966e-11,-7.667222976306953e-13,-1.0,2.0,1.0
13.899999999999961,-20.51126635639718,-2.543495641494698e-10,9.372128426632192e-11,-20.511266356397172,-2.543425967672745e-10,9.371186313464106e-11,0.0276519563049078,2.0850002280248248e-11,-6.605887711841341e-13,-1.0,2.0,1.0
13.933333333333294,-20.48395099520861,-2.2283116369108125e-10,8.139509644505039e-11,-20.483950995208605,-2.2284238320205984e-10,8.139675540801433e-11,0.02917632833123207,4.1318164167858384e-11,-4.513170165278829e-13,-1.0,2.0,1.0
13.966666666666628,-20.455179680938354,-1.8300442109840908e-10,6.621495019207136e-11,-20.455179680938357,-1.829963941526849e-10,6.620642624934456e-11,0.03069939836859703,4.523734511985289e-11,-2.2196625776554207e-13,-1.0,2.0,1.0
13.999999999999961,-20.424956520487132,-1.442815698026251e-10,5.1694841534915886e-11,-20.424956520487143,-1.4426996035118512e-10,5.170309690187093e-11,0.03222113102674484,4.1569619274595127e-11,-8.341081562154417e-15,-1.0,2.0,1.0
14.033333333333294,-20.393278618921272,-1.105842711765773e-10,3.926780430714957e-11,-20.393278618921272,-1.1058152516512355e-10,3.926076698798565e-11,0.03374151512980461,3.506983939360886e-11,1.7585813447823506e-13,-1.0,2.0,1.0
14.066666666666627,-20.360151752663832,-8.300657166646417e-11,2.930249656241314e-11,-20.360151752663832,-8.299975496747193e-11,2.9311991944367774e-11,0.03526053950190544,2.8119688869066017e-11,3.2771070470997976e-13,-1.0,2.0,1.0
14.09999999999996,-20.32557518228024,-6.129600780844227e-11,2.1666031750837252e-11,-20.325575182280225,-6.129564982116489e-11,2.167866070885533e-11,0.03677820786833763,2.1797596713724054e-11,4.49133595982823e-13,-1.0,2.0,1.0
14.133333333333294,-20.28955011410496,-4.4650242221952624e-11,1.6025472477708373e-11,-20.289550114104955,-4.4654987727747776e-11,1.6029995594576124e-11,0.03829452395439148,1.649350968302432e-11,5.440930908942598e-13,-1.0,2.0,1.0
14.166666666666627,-20.252076546248166,-3.2125175257476616e-11,1.2001102717623534e-11,-20.25207654624816,-3.2136324501507375e-11,1.200977447720624e-11,0.03980950266122818,1.2254875933481735e-11,6.169577652578861e-13,-1.0,2.0,1.0
14.19999999999996,-20.213157357507573,-2.2827275551373724e-11,9.23816181674511e-12,-20.213157357507583,-2.2823660394182195e-11,9.236330794970052e-12,0.04132315143942833,8.976108918645753e-12,6.721507031515195e-13,-1.0,2.0,1.0
14.233333333333293,-20.172794222691966,-1.5990442994467378e-11,7.434607801333584e-12,-20.172794222691977,-1.5979106719672708e-11,7.429775735898774e-12,0.04283548519015312,6.498239012858731e-12,7.134331103317293e-13,-1.0,2.0,1.0
14.266666666666627,-20.130988330471343,-1.0994030680360932e-11,6.346852551312133e-12,-20.130988330471343,-1.0991996979137914e-11,6.335664925475325e-12,0.04434651881456375,4.658103763821586e-12,7.440553707015185e-13,-1.0,2.0,1.0
14.29999999999996,-20.08773896830839,-7.353418420077733e-12,5.785287520888111e-12,-20.087738968308383,-7.35344242354365e-12,5.7758873015377465e-12,0.04585626721382141,3.3100388749374154e-12,7.664970546293615e-13,-1.0,2.0,1.0
14.333333333333293,-20.043048518783582,-4.6998065455673245e-12,5.606040601741266e-12,-20.043048518783575,-4.707220928566005e-12,5.5977762393757894e-12,0.047364745289087296,2.333158406059299e-12,7.828647127262889e-13,-1.0,2.0,1.0
14.366666666666626,-19.99691865479152,-2.757897313047245e-12,5.701936998152026e-12,-19.996918654791536,-2.7479992447844784e-12,5.699553989182622e-12,0.0488719716668129,1.631511765964877e-12,7.947398707013054e-13,-1.0,2.0,1.0
14.39999999999996,-19.94935055235394,-1.3251820574757316e-12,5.994303908942526e-12,-19.949350552353934,-1.323110747488823e-12,6.00488723860312e-12,0.05037796124815941,1.131237681653574e-12,8.032003881441874e-13,-1.0,2.0,1.0
14.433333333333293,-19.90034520064606,-2.5444690033011173e-13,6.426036109599413e-12,-19.900345200646054,-2.5444437451708134e-13,6.437442675282158e-12,0.05188273265957832,7.767384825607682e-13,8.093311719588325e-13,-1.0,2.0,1.0
14.466666666666626,-19.84990277304508,5.603422397670403e-13,6.956153742359871e-12,-19.849902773045066,5.597776239375789e-13,6.94633142431632e-12,0.05338630452752113,5.268340559812235e-13,8.136746484921353e-13,-1.0,2.0,1.0
14.49999999999996,-19.79802594751718,1.194899608826141e-12,7.555332536667761e-12,-19.79802594751718,1.1958885602302823e-12,7.556997923157315e-12,0.05488869175314903,3.514196854521867e-13,8.16701578327389e-13,-1.0,2.0,1.0
14.533333333333292,-19.74471538512177,1.7029534599626482e-12,8.202834219760023e-12,-19.744715385121776,1.704777309264445e-12,8.19310885945002e-12,0.05638991296291351,2.287230192569989e-13,8.187856317433406e-13,-1.0,2.0,1.0
14.566666666666626,-19.689971069879995,2.122428778830508e-12,8.884078503047062e-12,-19.689971069880002,2.1118883084917752e-12,8.88010867064614e-12,0.05788998678326607,1.4315340633817147e-13,8.203093694765518e-13,-1.0,2.0,1.0
14.599999999999959,-19.63379635265142,2.4799399766123907e-12,9.588826651304445e-12,-19.633796352651427,2.468110432815689e-12,9.592552919293966e-12,0.05938893184065819,8.358714924643768e-14,8.213086786189316e-13,-1.0,2.0,1.0
14.633333333333292,-19.576189539397756,2.7940944253211004e-12,1.0309954489944552e-11,-19.576189539397745,2.7988881196878947e-12,1.0304997167941795e-11,0.06088676676154137,4.2167322828997114e-14,8.220025137992137e-13,-1.0,2.0,1.0
14.666666666666625,-19.517153461168135,3.0778180224226425e-12,1.1042456102001983e-11,-19.517153461168135,3.078776931656684e-12,1.104288585404133e-11,0.0623835064470768,1.3353461707969836e-14,8.224150527258445e-13,-1.0,2.0,1.0
14.699999999999958,-19.456688629681423,3.3400768450436673e-12,1.17828829675395e-11,-19.456688629681427,3.3332213061737656e-12,1.1780774540140866e-11,0.06387917697429657,-6.713505636422911e-15,8.226883258834194e-13,-1.0,2.0,1.0
14.733333333333292,-19.394796809907824,3.5870922816890973e-12,1.2528880716536447e-11,-19.394796809907813,3.587665680690847e-12,1.2518663226240401e-11,0.06537379324436188,-2.074324903739242e-14,8.228011371194666e-13,-1.0,2.0,1.0
14.766666666666625,-19.33147904067023,3.823122846025872e-12,1.3278797338800313e-11,-19.331479040670224,3.81666561775622e-12,1.3281996349791646e-11,0.06686737388372421,-3.0622589018572746e-14,8.2284277048289e-13,-1.0,2.0,1.0
14.799999999999958,-19.266733089504047,4.051096374779164e-12,1.4031504619664148e-11,-19.266733089504047,4.045665554821593e-12,1.4019885035891181e-11,0.06835993379354477,-3.7640490767668067e-14,8.228305732084495e-13,-1.0,2.0,1.0
14.833333333333291,-19.200563989391814,4.273020861261902e-12,1.4786239320276076e-11,-19.200563989391824,4.274665491886967e-12,1.4783218159442426e-11,0.06985149532556534,-4.2704944805014786e-14,8.228111659895621e-13,-1.0,2.0,1.0
14.866666666666625,-19.132972313375664,4.490270949813875e-12,1.5542515854860412e-11,-19.132972313375653,4.478220991500631e-12,1.554655128299367e-11,0.0713420882821083,-4.6445411806903675e-14,8.22711473599802e-13,-1.0,2.0,1.0
14.899999999999958,-19.063955764436663,4.703746485875495e-12,1.6299931264604028e-11,-19.063955764436674,4.707220928566005e-12,1.6309884406544912e-11,0.07283172011375427,-4.9276233186077226e-14,8.226132448829748e-13,-1.0,2.0,1.0
14.933333333333291,-18.99353624155885,4.914088898013181e-12,1.7058268391278898e-11,-18.993536241558854,4.91077642817967e-12,1.704777309264445e-11,0.07427183538675308,-5.146451231212261e-14,8.225221176903774e-13,-1.0,2.0,1.0
14.966666666666624,-18.92182543543399,6.501466346876597e-12,1.7344174301465474e-11,-18.921825435434002,6.513775987637282e-12,1.735310634206495e-11,0.07557079941034317,6.056570175938525e-12,8.224441635541757e-13,-1.0,2.0,1.0
14.999999999999957,-16.5762101098098,0.0013959935456479297,0.0026368867532747756,-16.576210109809807,0.0013959935456605641,0.0026368867532662772,6.2228569984436035,0.003672365564852953,0.005063204560428858,-1.0,2.0,1.0
